# C++ name	package	module	Luce name	file:line	kind
(integration: FontData::create_from_resource(Core::Resource::load_from_filesystem(path)) for a file path.)	luce-browser-render	web_fonts	font_data_create_from_file	-	addition
(r08: CSSPixels' operators as one-line methods: from_raw, from_int, from_f32, from_f64, raw_value, to_float, to_double, to_int, might_be_saturated, add, sub, mul, mul_fraction, div, div_fraction, neg, abs, cmp, lt, le, gt, ge, compare.)	luce-browser-render	gfx	CssPixels	-	addition
(r08: `Color(NamedColor)` as an expression.)	luce-browser-render	gfx	color_new_named_color	-	addition
(r08: `Color(r, g, b)` as an expression.)	luce-browser-render	gfx	color_new_u8_u8_u8	-	addition
(r08: `Color(r, g, b, a)` as an expression.)	luce-browser-render	gfx	color_new_u8_u8_u8_u8	-	addition
(r08: `ColorComponents { first, second, third, alpha }` as an expression.)	luce-browser-render	gfx	color_components_new	-	addition
(r09: FT_DivFix.)	luce-browser-render	web_fonts	ft_div_fix	-	addition
(r09: FT_Get_Char_Index over FreeType's Unicode charmap, Skia's unicharToGlyph.)	luce-browser-render	web_fonts	sfnt_face_ft_glyph_for_code_point	-	addition
(r09: FT_Load_Glyph with FT_LOAD_NO_HINTING: the unhinted outline of a glyph.)	luce-browser-render	web_fonts	sfnt_face_load_outline	-	addition
(r09: FT_MulDiv.)	luce-browser-render	web_fonts	ft_mul_div	-	addition
(r09: FT_MulFix.)	luce-browser-render	web_fonts	ft_mul_fix	-	addition
(r09: FT_PIX_ROUND.)	luce-browser-render	web_fonts	ft_pix_round	-	addition
(r09: Gfx::UnicodeRange { min, max } as an expression.)	luce-browser-render	web_fonts	unicode_range_create	-	addition
(r09: HB_FEATURE_GLOBAL_END.)	luce-browser-render	web_fonts	hb_feature_global_end	-	addition
(r09: HB_TAG / FT_MAKE_TAG.)	luce-browser-render	web_fonts	sfnt_tag	-	addition
(r09: SkFont { typeface, size }.)	luce-browser-render	web_fonts	sk_font_make	-	addition
(r09: SkFont::getMetrics with Skia's FreeType backend's numbers.)	luce-browser-render	web_fonts	sk_font_get_metrics	-	addition
(r09: SkFont::getPath of a glyph at a pixel size.)	luce-browser-render	web_fonts	sfnt_face_glyph_path	-	addition
(r09: SkFont::getPath.)	luce-browser-render	web_fonts	sk_font_get_path	-	addition
(r09: SkFont::measureText of ASCII text.)	luce-browser-render	web_fonts	sk_font_measure_ascii	-	addition
(r09: SkFontMgr::makeFromStream: parses one font of an OpenType file or collection.)	luce-browser-render	web_fonts	sfnt_face_create	-	addition
(r09: SkFontPriv::GetFontBounds.)	luce-browser-render	web_fonts	sk_font_bounds	-	addition
(r09: SkFontStyle::slant of a face, as TypefaceSkia::slope numbers it.)	luce-browser-render	web_fonts	sfnt_face_slope	-	addition
(r09: SkFontStyle::weight of a face, as Skia's FreeType scanner gives it.)	luce-browser-render	web_fonts	sfnt_face_weight	-	addition
(r09: SkFontStyle::width of a face.)	luce-browser-render	web_fonts	sfnt_face_width	-	addition
(r09: SkPath's verbs of a glyph path.)	luce-browser-render	web_fonts	GlyphPathVerb	-	addition
(r09: a bounds-checked big-endian i16 read of font data.)	luce-browser-render	web_fonts	sfnt_i16	-	addition
(r09: a bounds-checked big-endian i32 read of font data.)	luce-browser-render	web_fonts	sfnt_i32	-	addition
(r09: a bounds-checked big-endian u16 read of font data.)	luce-browser-render	web_fonts	sfnt_u16	-	addition
(r09: a bounds-checked big-endian u24 read of font data.)	luce-browser-render	web_fonts	sfnt_u24	-	addition
(r09: a bounds-checked big-endian u32 read of font data.)	luce-browser-render	web_fonts	sfnt_u32	-	addition
(r09: a bounds-checked byte read of font data.)	luce-browser-render	web_fonts	sfnt_u8	-	addition
(r09: a clamped slice of font data.)	luce-browser-render	web_fonts	sfnt_slice	-	addition
(r09: a glyph outline as SkPath holds it, in pixels, y down.)	luce-browser-render	web_fonts	GlyphPath	-	addition
(r09: a glyph's advance in Skia's glyph cache for the font.)	luce-browser-render	web_fonts	sk_font_glyph_advance	-	addition
(r09: a table record of an OpenType face.)	luce-browser-render	web_fonts	SfntTable	-	addition
(r09: adopt_ref(*new Gfx::GlyphRun(...)).)	luce-browser-render	web_fonts	glyph_run_create	-	addition
(r09: an FT_Outline in 26.6 fixed point.)	luce-browser-render	web_fonts	SfntOutline	-	addition
(r09: an INDEX of a CFF table.)	luce-browser-render	web_fonts	SfntCffIndex	-	addition
(r09: an OpenType face, the Luce replacement of SkTypeface_FreeType and hb_face_t.)	luce-browser-render	web_fonts	SfntFace	-	addition
(r09: an OpenType table of a face, or none.)	luce-browser-render	web_fonts	sfnt_face_table	-	addition
(r09: hb_blob_create.)	luce-browser-render	web_fonts	hb_blob_create	-	addition
(r09: hb_buffer_add_utf16.)	luce-browser-render	web_fonts	hb_buffer_add_utf16	-	addition
(r09: hb_buffer_add_utf8 of ASCII text.)	luce-browser-render	web_fonts	hb_buffer_add_ascii	-	addition
(r09: hb_buffer_create.)	luce-browser-render	web_fonts	hb_buffer_create	-	addition
(r09: hb_buffer_destroy.)	luce-browser-render	web_fonts	hb_buffer_destroy	-	addition
(r09: hb_buffer_get_glyph_infos.)	luce-browser-render	web_fonts	hb_buffer_get_glyph_infos	-	addition
(r09: hb_buffer_get_glyph_positions.)	luce-browser-render	web_fonts	hb_buffer_get_glyph_positions	-	addition
(r09: hb_buffer_guess_segment_properties.)	luce-browser-render	web_fonts	hb_buffer_guess_segment_properties	-	addition
(r09: hb_buffer_set_direction.)	luce-browser-render	web_fonts	hb_buffer_set_direction	-	addition
(r09: hb_direction_t, horizontal.)	luce-browser-render	web_fonts	HbDirection	-	addition
(r09: hb_face_create.)	luce-browser-render	web_fonts	hb_face_create	-	addition
(r09: hb_face_reference_table's length > 0.)	luce-browser-render	web_fonts	hb_face_has_table_tag	-	addition
(r09: hb_feature_t.)	luce-browser-render	web_fonts	HbFeature	-	addition
(r09: hb_font_create.)	luce-browser-render	web_fonts	hb_font_create	-	addition
(r09: hb_font_get_face.)	luce-browser-render	web_fonts	hb_font_get_face	-	addition
(r09: hb_font_get_glyph_h_advance.)	luce-browser-render	web_fonts	hb_font_get_glyph_h_advance	-	addition
(r09: hb_font_get_nominal_glyph.)	luce-browser-render	web_fonts	hb_font_get_nominal_glyph	-	addition
(r09: hb_font_set_ptem.)	luce-browser-render	web_fonts	hb_font_set_ptem	-	addition
(r09: hb_font_set_scale.)	luce-browser-render	web_fonts	hb_font_set_scale	-	addition
(r09: hb_font_set_variations.)	luce-browser-render	web_fonts	hb_font_set_variations	-	addition
(r09: hb_glyph_info_t with HarfBuzz's private glyph properties.)	luce-browser-render	web_fonts	HbGlyphInfo	-	addition
(r09: hb_glyph_position_t.)	luce-browser-render	web_fonts	HbGlyphPosition	-	addition
(r09: hb_shape.)	luce-browser-render	web_fonts	hb_shape	-	addition
(r09: hb_unicode_funcs_t::is_default_ignorable.)	luce-browser-render	web_fonts	hb_is_default_ignorable	-	addition
(r09: hb_variation_t.)	luce-browser-render	web_fonts	HbVariation	-	addition
(r09: hmtx advance of a glyph in font units.)	luce-browser-render	web_fonts	sfnt_face_advance	-	addition
(r09: hmtx left side bearing of a glyph in font units.)	luce-browser-render	web_fonts	sfnt_face_left_side_bearing	-	addition
(r09: make<Gfx::PathFontProvider>(): a provider with its vtable, constructed.)	luce-browser-render	web_fonts	path_font_provider_create	-	addition
(r09: skia_font(scale).getPath(glyph): a glyph outline for the CPU display-list player.)	luce-browser-render	web_fonts	font_glyph_path	-	addition
(r09: the 16.16 scale FreeType uses for a face at a pixel size.)	luce-browser-render	web_fonts	sfnt_face_ft_scale	-	addition
(r09: the OS/2 fields FreeType and Skia read, TT_OS2.)	luce-browser-render	web_fonts	SfntOs2	-	addition
(r09: the cmap glyph of a code point, FT_Get_Char_Index / hb_font_get_nominal_glyph.)	luce-browser-render	web_fonts	sfnt_face_glyph_for_code_point	-	addition
(r09: the fields of SkFontMetrics LibGfx reads.)	luce-browser-render	web_fonts	SkFontMetrics	-	addition
(r09: the parsed parts of a CFF font.)	luce-browser-render	web_fonts	SfntCffFont	-	addition
(r09: the shaping plan: the GSUB and GPOS lookups of the features.)	luce-browser-render	web_fonts	HbLayoutPlan	-	addition
(r09: whether a face has a non-empty table.)	luce-browser-render	web_fonts	sfnt_face_has_table	-	addition
(r09: which glyph outlines an OpenType face has.)	luce-browser-render	web_fonts	SfntOutlineFormat	-	addition
(r10: Class information of PainterRaster (a subclass of Gfx::Painter).)	luce-browser-render	gfx	painter_raster_class	-	addition
(r10: Converts `bitmap`'s pixels into `target` (width * height * 4 bytes) as premultiplied RGBA, the form the raster module draws with.)	luce-browser-render	gfx	raster_load_bitmap	-	addition
(r10: Converts premultiplied RGBA `source` (width * height * 4 bytes) into `bitmap`'s format and alpha type.)	luce-browser-render	gfx	raster_store_bitmap	-	addition
(r10: Ends the drawing begun by painting_surface_begin_raster: the outermost call converts the drawn pixels back into the surface's bitmap when they are not the bitmap's own.)	luce-browser-render	gfx	painting_surface_end_raster	-	addition
(r10: Gfx::ExportFlags::FlipY (the anonymous enum of ExportFlags, ImmutableBitmap.h:45).)	luce-browser-render	gfx	export_flags_flip_y	-	addition
(r10: Gfx::ExportFlags::PremultiplyAlpha (the anonymous enum of ExportFlags, ImmutableBitmap.h:44).)	luce-browser-render	gfx	export_flags_premultiply_alpha	-	addition
(r10: One SkColorFilter (the replacement for Skia's SkColorFilter).)	luce-browser-render	gfx	ColorFilter	-	addition
(r10: One SkImageFilter of a filter graph (the replacement for Skia's SkImageFilter, made by the Filter factories in filter.lucb).)	luce-browser-render	gfx	ImageFilter	-	addition
(r10: PainterSkia (Libraries/LibGfx/PainterSkia.h:17), on the raster module.)	luce-browser-render	gfx	PainterRaster	-	addition
(r10: Ported from include/private/base/SkFloatingPoint.h SkIsNaN.)	luce-browser-render	gfx	sk_is_nan	-	addition
(r10: Ported from src/utils/SkParsePath.cpp SkParsePath::ToSVGString(path, kAbsolute).)	luce-browser-render	gfx	sk_parse_path_to_svg_string	-	addition
(r10: Premultiplies a row of 8888 pixels in place, as SkOpts::RGBA_to_rgbA does.)	luce-browser-render	gfx	raster_premultiply_row	-	addition
(r10: Replaces SkImage::scalePixels (SkPixmapDraw.cpp SkPixmap::scalePixels) for Bitmap::scaled: draws `source` scaled onto the whole of `target` with the Src blend mode, clamping at the edges.)	luce-browser-render	gfx	raster_scale_pixels	-	addition
(r10: Replaces SkiaUtils.cpp to_skia_blender.)	luce-browser-render	gfx	to_raster_blend_mode	-	addition
(r10: Replaces SkiaUtils.h to_skia_cap.)	luce-browser-render	gfx	to_raster_cap	-	addition
(r10: Replaces SkiaUtils.h to_skia_color (SkColorSetARGB) with the raster module's color.)	luce-browser-render	gfx	to_raster_color	-	addition
(r10: Replaces SkiaUtils.h to_skia_join.)	luce-browser-render	gfx	to_raster_join	-	addition
(r10: Replaces SkiaUtils.h to_skia_path_fill_type.)	luce-browser-render	gfx	to_raster_fill_rule	-	addition
(r10: Replaces SkiaUtils.h to_skia_sampling_options.)	luce-browser-render	gfx	to_raster_filter_quality	-	addition
(r10: Replaces SkiaUtils.h's SkMatrix::MakeAll(a, c, e, b, d, f, 0, 0, 1) of an AffineTransform.)	luce-browser-render	gfx	to_raster_transform	-	addition
(r10: SK_ScalarNearlyZero (include/core/SkScalar.h:99): 1 / 4096.)	luce-browser-render	gfx	sk_scalar_nearly_zero	-	addition
(r10: SK_ScalarPI.)	luce-browser-render	gfx	sk_scalar_pi	-	addition
(r10: SK_ScalarSinCosNearlyZero (include/core/SkScalar.h:113): 1 / 65536.)	luce-browser-render	gfx	sk_scalar_sin_cos_nearly_zero	-	addition
(r10: SkAutoConicToQuads (src/core/SkGeometry.h:505): the quads approximating a conic.)	luce-browser-render	gfx	SkAutoConicToQuads	-	addition
(r10: SkConic (src/core/SkGeometry.h:323): three points and a weight.)	luce-browser-render	gfx	SkConic	-	addition
(r10: SkConic(const SkPoint pts[3], SkScalar w).)	luce-browser-render	gfx	sk_conic_from_points	-	addition
(r10: SkContourMeasure: one contour's segments, the points they use, its length and whether it is closed.)	luce-browser-render	gfx	SkContourMeasure	-	addition
(r10: SkContourMeasure::Segment: the distance at its end, the index of its first point, its t value at the end and its type.)	luce-browser-render	gfx	SkContourMeasureSegment	-	addition
(r10: SkContourMeasureIter::Impl: the path (a copy), the position in it, the tolerance and whether contours are closed by force.)	luce-browser-render	gfx	SkContourMeasureIter	-	addition
(r10: SkDegreesToRadians (include/core/SkScalar.h): degrees * (SK_ScalarPI / 180).)	luce-browser-render	gfx	sk_degrees_to_radians	-	addition
(r10: SkMatrix (include/core/SkMatrix.h): a 3x3 matrix in row-major order (scale-x, skew-x, translate-x, skew-y, scale-y, translate-y, persp0, persp1, persp2) and its type mask.)	luce-browser-render	gfx	SkMatrix	-	addition
(r10: SkMatrix::kAffine_Mask.)	luce-browser-render	gfx	sk_matrix_affine_mask	-	addition
(r10: SkMatrix::kIdentity_Mask.)	luce-browser-render	gfx	sk_matrix_identity_mask	-	addition
(r10: SkMatrix::kPerspective_Mask.)	luce-browser-render	gfx	sk_matrix_perspective_mask	-	addition
(r10: SkMatrix::kScale_Mask.)	luce-browser-render	gfx	sk_matrix_scale_mask	-	addition
(r10: SkMatrix::kTranslate_Mask.)	luce-browser-render	gfx	sk_matrix_translate_mask	-	addition
(r10: SkPath (include/core/SkPath.h) with its SkPathRef folded in.)	luce-browser-render	gfx	SkPath	-	addition
(r10: SkPath::AddPathMode.)	luce-browser-render	gfx	SkPathAddPathMode	-	addition
(r10: SkPath::ArcSize.)	luce-browser-render	gfx	SkPathArcSize	-	addition
(r10: SkPath::Iter: iterates a path's contours, emitting a closing line before each close (and, when `force_close`, before each open contour ends).)	luce-browser-render	gfx	SkPathIter	-	addition
(r10: SkPath::IterRec: a verb, its points (the previous point first, `count` of them: move 1, line 2, quad and conic 3, cubic 4, close 0 or 1) and the conic weight (1 otherwise).)	luce-browser-render	gfx	SkPathIterRec	-	addition
(r10: SkPath::RawIter (SkPathPriv::Iterate): the stored verbs as they are, each with the previous point first (a move has only its own point).)	luce-browser-render	gfx	SkPathRawIter	-	addition
(r10: SkPath::countPoints.)	luce-browser-render	gfx	sk_path_count_points	-	addition
(r10: SkPath::countVerbs.)	luce-browser-render	gfx	sk_path_count_verbs	-	addition
(r10: SkPath::getFillType.)	luce-browser-render	gfx	sk_path_get_fill_type	-	addition
(r10: SkPath::setFillType.)	luce-browser-render	gfx	sk_path_set_fill_type	-	addition
(r10: SkPathDirection (include/core/SkPathTypes.h).)	luce-browser-render	gfx	SkPathDirection	-	addition
(r10: SkPathEdgeIter (src/core/SkPathPriv.h:475): the edges of a path, with a closing line after each contour that has edges.)	luce-browser-render	gfx	SkPathEdgeIter	-	addition
(r10: SkPathEdgeIter::Edge.)	luce-browser-render	gfx	SkPathEdge	-	addition
(r10: SkPathEdgeIter::Result: an edge's points (2 to 4) and whether it starts a contour.)	luce-browser-render	gfx	SkPathEdgeRec	-	addition
(r10: SkPathEdgeIter::conicWeight: the weight of the conic edge just returned.)	luce-browser-render	gfx	sk_path_edge_iter_conic_weight	-	addition
(r10: SkPathFillType (include/core/SkPathTypes.h).)	luce-browser-render	gfx	SkPathFillType	-	addition
(r10: SkPathMeasure (include/core/SkPathMeasure.h): the current contour of a path.)	luce-browser-render	gfx	SkPathMeasure	-	addition
(r10: SkPathVerb (include/core/SkPathTypes.h).)	luce-browser-render	gfx	SkPathVerb	-	addition
(r10: SkPoint (include/core/SkPoint.h): a point or a vector of two floats.)	luce-browser-render	gfx	SkPoint	-	addition
(r10: SkPoint(x, y).)	luce-browser-render	gfx	sk_point	-	addition
(r10: SkPoint::cross.)	luce-browser-render	gfx	sk_point_cross	-	addition
(r10: SkPoint::dot.)	luce-browser-render	gfx	sk_point_dot	-	addition
(r10: SkPoint::isFinite.)	luce-browser-render	gfx	sk_point_is_finite	-	addition
(r10: SkPoint::operator* (scalar).)	luce-browser-render	gfx	sk_point_scale	-	addition
(r10: SkPoint::operator+.)	luce-browser-render	gfx	sk_point_add	-	addition
(r10: SkPoint::operator-.)	luce-browser-render	gfx	sk_point_sub	-	addition
(r10: SkPoint::operator== (compares with float equality, so NaN points are never equal).)	luce-browser-render	gfx	sk_point_eq	-	addition
(r10: SkRect (include/core/SkRect.h): left, top, right, bottom.)	luce-browser-render	gfx	SkRect	-	addition
(r10: SkScalarAbs (std::fabs).)	luce-browser-render	gfx	sk_scalar_abs	-	addition
(r10: The SkColorFilters factory a ColorFilter was made with, and its arguments.)	luce-browser-render	gfx	ColorFilterNode	-	addition
(r10: The SkImageFilters factory an ImageFilter was made with, and its arguments.)	luce-browser-render	gfx	ImageFilterNode	-	addition
(r10: The SkPath of a path (PathImplSkia::sk_path()): for the members that live in web_fonts and for drawing.)	luce-browser-render	gfx	path_sk_path	-	addition
(r10: The SkPath of a path, read-only (PathImplSkia::sk_path() const).)	luce-browser-render	gfx	path_sk_path_const	-	addition
(r10: The SkShader of an ImageFilterNode.shader.)	luce-browser-render	gfx	ImageFilterShader	-	addition
(r10: The bitmap the surface draws into (the donor's Impl::bitmap).)	luce-browser-render	gfx	painting_surface_bitmap	-	addition
(r10: The part of SkCanvas's state a PainterRaster keeps: the matrix and the clip.)	luce-browser-render	gfx	PainterRasterState	-	addition
(r10: The path for drawing with the raster module (replaces to_skia_path, SkiaUtils.cpp): the SkPath's contours as a raster.Path, conics turned into quads with the tolerance Skia's edge builder uses (1/4 pixel, SkEdgeBuilder), as tiny-skia's conic_to does.)	luce-browser-render	gfx	sk_path_to_raster_path	-	addition
(r10: The path for drawing with the raster module (to_skia_path): see sk_path_to_raster_path.)	luce-browser-render	gfx	path_to_raster_path	-	addition
(r10: The path implementation behind gfx.Path (PathImplSkia in the donor): an SkPath and the point of the last move_to, which close() returns to.)	luce-browser-render	gfx	PathImplRaster	-	addition
(r10: The pixels from begin() to end() as a read-only span.)	luce-browser-render	gfx	bitmap_pixels_const	-	addition
(r10: The pixels from begin() to end() as a span: the range C++'s `for (auto& pixel : *this)` walks.)	luce-browser-render	gfx	bitmap_pixels	-	addition
(r10: The raster module's view of the surface's pixels, valid until the matching painting_surface_end_raster: premultiplied RGBA, width == stride.)	luce-browser-render	gfx	painting_surface_begin_raster	-	addition
(r10: The stored conic weights.)	luce-browser-render	gfx	sk_path_conic_weights	-	addition
(r10: The stored points.)	luce-browser-render	gfx	sk_path_points	-	addition
(r10: The stored verbs.)	luce-browser-render	gfx	sk_path_verbs	-	addition
(r10: The surface's pixels as a new bitmap: replaces sk_image_snapshot<sk_sp<SkImage>>() (an SkImage of the surface's current contents).)	luce-browser-render	gfx	painting_surface_snapshot_bitmap	-	addition
(r10: The vtable of PainterRaster.)	luce-browser-render	gfx	painter_raster_vtable	-	addition
(r10: Unpremultiplies a row of 8888 pixels in place, as SkOpts::rgbA_to_RGBA does.)	luce-browser-render	gfx	raster_unpremultiply_row	-	addition
(r10: Whether region r08 (Color, geometry) is ported; the tests that call its functions run only then.)	luce-browser-render	gfx	tests_gfx_paint_r08_is_ported	-	addition
(r10: Whether the raster module can draw straight into `bitmap`'s pixels: premultiplied RGBA8888 rows without padding (the raster module requires width == stride).)	luce-browser-render	gfx	raster_can_alias_bitmap	-	addition
(r10: Whether the raster module draws as the donor's Skia (m144) does: analytic anti-aliasing (SkScan_AAAPath, where tiny-skia supersamples 4x4) and the lowp pipeline's div255.)	luce-browser-render	gfx	tests_gfx_paint_raster_is_skia_m144	-	addition
(r10: kMaxConicToQuadPOW2 (src/core/SkGeometry.cpp): at most 2^5 quads per conic.)	luce-browser-render	gfx	sk_max_conic_to_quad_pow2	-	addition
(r10: std::fmaxf: the larger value, ignoring a NaN operand.)	luce-browser-render	gfx	sk_fmaxf	-	addition
(r10: std::fminf: the smaller value, ignoring a NaN operand.)	luce-browser-render	gfx	sk_fminf	-	addition
(r10: std::max for floats.)	luce-browser-render	gfx	sk_max	-	addition
(r10: std::min/std::max on floats as Skia writes them: `a < b ? a : b` keeps `b` when either is NaN.)	luce-browser-render	gfx	sk_min	-	addition
(r51a: DisplayListRecorder recorder(display_list), the recorder as a value.)	luce-browser-render	display_list	display_list_recorder_new	-	addition
(r51a: DisplayListRecorderStateSaver saver(recorder), the saver as a value.)	luce-browser-render	display_list	display_list_recorder_state_saver_new	-	addition
(r51a: Gfx::FloatPoint::to_type<int>().)	luce-browser-render	display_list	float_point_to_int_point	-	addition
(r51a: Gfx::FloatRect::to_rounded<int>().)	luce-browser-render	display_list	float_rect_to_rounded_int_rect	-	addition
(r51a: Gfx::IntPoint::to_type<float>().)	luce-browser-render	display_list	int_point_to_float_point	-	addition
(r51a: Gfx::IntRect::to_type<float>().)	luce-browser-render	display_list	int_rect_to_float_rect	-	addition
(r51a: Gfx::IntSize::to_type<float>().)	luce-browser-render	display_list	int_size_to_float_size	-	addition
(r51a: Web::CSSPixelPoint::to_type<int>().)	luce-browser-render	display_list	css_pixel_point_to_int_point	-	addition
(r51a: Web::CSSPixelRect::to_type<int>().)	luce-browser-render	display_list	css_pixel_rect_to_int_rect	-	addition
(r51a: make<DisplayListPlayerCpu>(), a new CPU player.)	luce-browser-render	display_list	display_list_player_cpu_create	-	addition
(r51a: one step of ScrollState::for_each_scroll_frame/for_each_sticky_frame, the callback arguments.)	luce-browser-render	display_list	ScrollFrameEntry	-	addition
(r51a: the loop of ScrollState::for_each_scroll_frame/for_each_sticky_frame as an iterator.)	luce-browser-render	display_list	ScrollFrameIterator	-	addition
AK::Traits<Gfx::Point<T>>::hash [CssPixelPoint]	luce-browser-render	gfx	css_pixel_point_hash	Libraries/LibGfx/Point.h:312	ported
AK::Traits<Gfx::Point<T>>::hash [FloatPoint]	luce-browser-render	gfx	float_point_hash	Libraries/LibGfx/Point.h:312	ported
AK::Traits<Gfx::Point<T>>::hash [IntPoint]	luce-browser-render	gfx	int_point_hash	Libraries/LibGfx/Point.h:312	ported
AK::Traits<Gfx::ShapeFeatures>::hash	luce-browser-render	web_fonts	shape_features_hash	Libraries/LibGfx/ShapeFeature.h:30	ported
AK::Traits<Gfx::Size<T>>::hash [FloatSize]	luce-browser-render	gfx	float_size_hash	Libraries/LibGfx/Size.h:218	ported
AK::Traits<Gfx::Size<T>>::hash [IntSize]	luce-browser-render	gfx	int_size_hash	Libraries/LibGfx/Size.h:218	ported
Core::AnonymousBuffer	luce-browser-render	gfx	CoreAnonymousBuffer	Libraries/LibCore/AnonymousBuffer.h:38	struct
Core::AnonymousBuffer::create_with_size	luce-browser-render	gfx	core_anonymous_buffer_create_with_size	Libraries/LibCore/AnonymousBuffer.cpp:15	ported
Core::AnonymousBuffer::data	luce-browser-render	gfx	core_anonymous_buffer_data	Libraries/LibCore/AnonymousBuffer.h:58	ported
Core::AnonymousBuffer::is_valid	luce-browser-render	gfx	core_anonymous_buffer_is_valid	Libraries/LibCore/AnonymousBuffer.h:45	ported
Core::AnonymousBuffer::size	luce-browser-render	gfx	core_anonymous_buffer_size	Libraries/LibCore/AnonymousBuffer.h:48	ported
Core::AnonymousBufferImpl	luce-browser-render	gfx	CoreAnonymousBufferImpl	Libraries/LibCore/AnonymousBuffer.h:19	struct
DEFAULT_DPI	luce-browser-render	web_fonts	default_dpi	Libraries/LibGfx/Font/Typeface.h:18	variable
Gfx::(anonymous)::format_to_8bit_compatible	luce-browser-render	gfx	format_to_8bit_compatible	Libraries/LibGfx/Color.cpp:45	ported
Gfx::(anonymous)::nth_digit	luce-browser-render	gfx	nth_digit	Libraries/LibGfx/Color.cpp:26	ported
Gfx::AffineTransform	luce-browser-render	gfx	AffineTransform	Libraries/LibGfx/AffineTransform.h:17	struct
Gfx::AffineTransform::AffineTransform	luce-browser-render	gfx	affine_transform_construct	Libraries/LibGfx/AffineTransform.h:19	construct
Gfx::AffineTransform::AffineTransform	luce-browser-render	gfx	affine_transform_construct_f32	Libraries/LibGfx/AffineTransform.h:24	construct
Gfx::AffineTransform::a	luce-browser-render	gfx	affine_transform_a	Libraries/LibGfx/AffineTransform.h:57	ported
Gfx::AffineTransform::b	luce-browser-render	gfx	affine_transform_b	Libraries/LibGfx/AffineTransform.h:58	ported
Gfx::AffineTransform::c	luce-browser-render	gfx	affine_transform_c	Libraries/LibGfx/AffineTransform.h:59	ported
Gfx::AffineTransform::d	luce-browser-render	gfx	affine_transform_d	Libraries/LibGfx/AffineTransform.h:60	ported
Gfx::AffineTransform::determinant	luce-browser-render	gfx	affine_transform_determinant	Libraries/LibGfx/AffineTransform.cpp:134	ported
Gfx::AffineTransform::e	luce-browser-render	gfx	affine_transform_e	Libraries/LibGfx/AffineTransform.h:61	ported
Gfx::AffineTransform::f	luce-browser-render	gfx	affine_transform_f	Libraries/LibGfx/AffineTransform.h:62	ported
Gfx::AffineTransform::inverse	luce-browser-render	gfx	affine_transform_inverse	Libraries/LibGfx/AffineTransform.cpp:139	ported
Gfx::AffineTransform::is_identity	luce-browser-render	gfx	affine_transform_is_identity	Libraries/LibGfx/AffineTransform.h:29	ported
Gfx::AffineTransform::is_identity_or_translation	luce-browser-render	gfx	affine_transform_is_identity_or_translation	Libraries/LibGfx/AffineTransform.h:34	ported
Gfx::AffineTransform::is_identity_or_translation_or_scale	luce-browser-render	gfx	affine_transform_is_identity_or_translation_or_scale	Libraries/LibGfx/AffineTransform.h:39	ported
Gfx::AffineTransform::map	luce-browser-render	gfx	affine_transform_map	Libraries/LibGfx/AffineTransform.cpp:154	ported
Gfx::AffineTransform::map	luce-browser-render	gfx	affine_transform_map_f32_float_point	Libraries/LibGfx/AffineTransform.cpp:170	ported
Gfx::AffineTransform::map	luce-browser-render	gfx	affine_transform_map_f32_float_rect	Libraries/LibGfx/AffineTransform.cpp:206	ported
Gfx::AffineTransform::map	luce-browser-render	gfx	affine_transform_map_f32_float_size	Libraries/LibGfx/AffineTransform.cpp:188	ported
Gfx::AffineTransform::map	luce-browser-render	gfx	affine_transform_map_i32_device_pixel_rect	Libraries/LibGfx/AffineTransform.cpp:226	ported
Gfx::AffineTransform::map	luce-browser-render	gfx	affine_transform_map_i32_int_point	Libraries/LibGfx/AffineTransform.cpp:161	ported
Gfx::AffineTransform::map	luce-browser-render	gfx	affine_transform_map_i32_int_size	Libraries/LibGfx/AffineTransform.cpp:179	ported
Gfx::AffineTransform::map_to_quad	luce-browser-render	gfx	affine_transform_map_to_quad	Libraries/LibGfx/AffineTransform.cpp:231	ported
Gfx::AffineTransform::multiply	luce-browser-render	gfx	affine_transform_multiply	Libraries/LibGfx/AffineTransform.cpp:109	ported
Gfx::AffineTransform::rotate_radians	luce-browser-render	gfx	affine_transform_rotate_radians	Libraries/LibGfx/AffineTransform.cpp:124	ported
Gfx::AffineTransform::rotation	luce-browser-render	gfx	affine_transform_rotation	Libraries/LibGfx/AffineTransform.cpp:241	ported
Gfx::AffineTransform::scale	luce-browser-render	gfx	affine_transform_scale	Libraries/LibGfx/AffineTransform.cpp:25	ported
Gfx::AffineTransform::scale	luce-browser-render	gfx	affine_transform_scale_f32	Libraries/LibGfx/AffineTransform.cpp:45	ported
Gfx::AffineTransform::scale	luce-browser-render	gfx	affine_transform_scale_float_point	Libraries/LibGfx/AffineTransform.cpp:54	ported
Gfx::AffineTransform::set_scale	luce-browser-render	gfx	affine_transform_set_scale_f32	Libraries/LibGfx/AffineTransform.cpp:59	ported
Gfx::AffineTransform::set_scale	luce-browser-render	gfx	affine_transform_set_scale_float_point	Libraries/LibGfx/AffineTransform.cpp:68	ported
Gfx::AffineTransform::set_translation	luce-browser-render	gfx	affine_transform_set_translation_f32	Libraries/LibGfx/AffineTransform.cpp:97	ported
Gfx::AffineTransform::set_translation	luce-browser-render	gfx	affine_transform_set_translation_float_point	Libraries/LibGfx/AffineTransform.cpp:104	ported
Gfx::AffineTransform::skew_radians	luce-browser-render	gfx	affine_transform_skew_radians	Libraries/LibGfx/AffineTransform.cpp:73	ported
Gfx::AffineTransform::to_matrix	luce-browser-render	gfx	affine_transform_to_matrix	Libraries/LibGfx/AffineTransform.cpp:251	ported
Gfx::AffineTransform::translate	luce-browser-render	gfx	affine_transform_translate_f32	Libraries/LibGfx/AffineTransform.cpp:80	ported
Gfx::AffineTransform::translate	luce-browser-render	gfx	affine_transform_translate_float_point	Libraries/LibGfx/AffineTransform.cpp:92	ported
Gfx::AffineTransform::translation	luce-browser-render	gfx	affine_transform_translation	Libraries/LibGfx/AffineTransform.cpp:40	ported
Gfx::AffineTransform::x_scale	luce-browser-render	gfx	affine_transform_x_scale	Libraries/LibGfx/AffineTransform.cpp:15	ported
Gfx::AffineTransform::x_translation	luce-browser-render	gfx	affine_transform_x_translation	Libraries/LibGfx/AffineTransform.cpp:30	ported
Gfx::AffineTransform::y_scale	luce-browser-render	gfx	affine_transform_y_scale	Libraries/LibGfx/AffineTransform.cpp:20	ported
Gfx::AffineTransform::y_translation	luce-browser-render	gfx	affine_transform_y_translation	Libraries/LibGfx/AffineTransform.cpp:35	ported
Gfx::AlignmentRole	luce-browser-render	gfx	AlignmentRole	Libraries/LibGfx/SystemTheme.h:175	enum
Gfx::AlphaType	luce-browser-render	gfx	AlphaType	Libraries/LibGfx/Color.h:25	enum
Gfx::BackingStore	luce-browser-render	gfx	BackingStore	Libraries/LibGfx/Bitmap.cpp:28	struct
Gfx::Bitmap	luce-browser-render	gfx	Bitmap	Libraries/LibGfx/Bitmap.h:54	struct
Gfx::Bitmap::Bitmap	luce-browser-render	gfx	bitmap_construct_core_anonymous_buffer	Libraries/LibGfx/Bitmap.cpp:154	construct
Gfx::Bitmap::Bitmap	luce-browser-render	gfx	bitmap_construct_int_size_backing_store	Libraries/LibGfx/Bitmap.cpp:100	construct
Gfx::Bitmap::Bitmap	luce-browser-render	gfx	bitmap_construct_int_size_usize	Libraries/LibGfx/Bitmap.cpp:123	construct
Gfx::Bitmap::DiffResult	luce-browser-render	gfx	BitmapDiffResult	Libraries/LibGfx/Bitmap.h:114	opaque
Gfx::Bitmap::InitializeBackingStore	luce-browser-render	gfx	BitmapInitializeBackingStore	Libraries/LibGfx/Bitmap.h:145	enum
Gfx::Bitmap::allocate_backing_store	luce-browser-render	gfx	bitmap_allocate_backing_store	Libraries/LibGfx/Bitmap.cpp:250	ported
Gfx::Bitmap::alpha_type	luce-browser-render	gfx	bitmap_alpha_type	Libraries/LibGfx/Bitmap.h:137	ported
Gfx::Bitmap::anonymous_buffer	luce-browser-render	gfx	bitmap_anonymous_buffer	Libraries/LibGfx/Bitmap.h:111	ported
Gfx::Bitmap::anonymous_buffer	luce-browser-render	gfx	bitmap_anonymous_buffer_const	Libraries/LibGfx/Bitmap.h:112	ported
Gfx::Bitmap::begin	luce-browser-render	gfx	bitmap_begin	Libraries/LibGfx/Bitmap.h:204	ported
Gfx::Bitmap::begin	luce-browser-render	gfx	bitmap_begin_const	Libraries/LibGfx/Bitmap.h:209	ported
Gfx::Bitmap::clone	luce-browser-render	gfx	bitmap_clone	Libraries/LibGfx/Bitmap.cpp:165	ported
Gfx::Bitmap::create	luce-browser-render	gfx	bitmap_create_alpha_type	Libraries/LibGfx/Bitmap.cpp:81	ported
Gfx::Bitmap::create	luce-browser-render	gfx	bitmap_create_int_size	Libraries/LibGfx/Bitmap.cpp:75	ported
Gfx::Bitmap::create_shareable	luce-browser-render	gfx	bitmap_create_shareable	Libraries/LibGfx/Bitmap.cpp:87	ported
Gfx::Bitmap::create_with_anonymous_buffer	luce-browser-render	gfx	bitmap_create_with_anonymous_buffer	Libraries/LibGfx/Bitmap.cpp:136	ported
Gfx::Bitmap::create_with_raw_data	luce-browser-render	gfx	bitmap_create_with_raw_data	Libraries/LibGfx/Bitmap.cpp:144	ported
Gfx::Bitmap::create_wrapper	luce-browser-render	gfx	bitmap_create_wrapper	Libraries/LibGfx/Bitmap.cpp:116	ported
Gfx::Bitmap::cropped	luce-browser-render	gfx	bitmap_cropped	Libraries/LibGfx/Bitmap.cpp:175	ported
Gfx::Bitmap::data_size	luce-browser-render	gfx	bitmap_data_size	Libraries/LibGfx/Bitmap.h:224	ported
Gfx::Bitmap::diff	luce-browser-render	gfx	bitmap_diff	Libraries/LibGfx/Bitmap.cpp:271	ported
Gfx::Bitmap::end	luce-browser-render	gfx	bitmap_end	Libraries/LibGfx/Bitmap.h:214	ported
Gfx::Bitmap::end	luce-browser-render	gfx	bitmap_end_const	Libraries/LibGfx/Bitmap.h:219	ported
Gfx::Bitmap::format	luce-browser-render	gfx	bitmap_format	Libraries/LibGfx/Bitmap.h:100	ported
Gfx::Bitmap::get_pixel	luce-browser-render	gfx	bitmap_get_pixel	Libraries/LibGfx/Bitmap.h:229	ported
Gfx::Bitmap::has_alpha_channel	luce-browser-render	gfx	bitmap_has_alpha_channel	Libraries/LibGfx/Bitmap.h:99	ported
Gfx::Bitmap::height	luce-browser-render	gfx	bitmap_height	Libraries/LibGfx/Bitmap.h:93	ported
Gfx::Bitmap::minimum_pitch	luce-browser-render	gfx	bitmap_minimum_pitch	Libraries/LibGfx/Bitmap.cpp:46	ported
Gfx::Bitmap::pitch	luce-browser-render	gfx	bitmap_pitch	Libraries/LibGfx/Bitmap.h:95	ported
Gfx::Bitmap::rect	luce-browser-render	gfx	bitmap_rect	Libraries/LibGfx/Bitmap.h:90	ported
Gfx::Bitmap::scaled	luce-browser-render	gfx	bitmap_scaled	Libraries/LibGfx/Bitmap.cpp:197	replaced
Gfx::Bitmap::scanline	luce-browser-render	gfx	bitmap_scanline	Libraries/LibGfx/Bitmap.h:194	ported
Gfx::Bitmap::scanline	luce-browser-render	gfx	bitmap_scanline_const	Libraries/LibGfx/Bitmap.h:199	ported
Gfx::Bitmap::scanline_u8	luce-browser-render	gfx	bitmap_scanline_u8	Libraries/LibGfx/Bitmap.h:180	ported
Gfx::Bitmap::scanline_u8	luce-browser-render	gfx	bitmap_scanline_u8_const	Libraries/LibGfx/Bitmap.h:187	ported
Gfx::Bitmap::set_alpha_type_destructive	luce-browser-render	gfx	bitmap_set_alpha_type_destructive	Libraries/LibGfx/Bitmap.cpp:314	ported
Gfx::Bitmap::set_pixel	luce-browser-render	gfx	bitmap_set_pixel	Libraries/LibGfx/Bitmap.h:249	ported
Gfx::Bitmap::size	luce-browser-render	gfx	bitmap_size	Libraries/LibGfx/Bitmap.h:91	ported
Gfx::Bitmap::size_in_bytes	luce-browser-render	gfx	bitmap_size_in_bytes	Libraries/LibGfx/Bitmap.h:106	ported
Gfx::Bitmap::size_in_bytes	luce-browser-render	gfx	bitmap_size_in_bytes_usize	Libraries/LibGfx/Bitmap.h:105	ported
Gfx::Bitmap::strip_alpha_channel	luce-browser-render	gfx	bitmap_strip_alpha_channel	Libraries/LibGfx/Bitmap.cpp:234	ported
Gfx::Bitmap::to_bitmap_backed_by_anonymous_buffer	luce-browser-render	gfx	bitmap_to_bitmap_backed_by_anonymous_buffer	Libraries/LibGfx/Bitmap.cpp:215	ported
Gfx::Bitmap::to_shareable_bitmap	luce-browser-render	gfx	bitmap_to_shareable_bitmap	Libraries/LibGfx/Bitmap.cpp:242	ported
Gfx::Bitmap::unchecked_scanline	luce-browser-render	gfx	bitmap_unchecked_scanline	Libraries/LibGfx/Bitmap.h:170	ported
Gfx::Bitmap::unchecked_scanline	luce-browser-render	gfx	bitmap_unchecked_scanline_const	Libraries/LibGfx/Bitmap.h:175	ported
Gfx::Bitmap::unchecked_scanline_u8	luce-browser-render	gfx	bitmap_unchecked_scanline_u8	Libraries/LibGfx/Bitmap.h:160	ported
Gfx::Bitmap::unchecked_scanline_u8	luce-browser-render	gfx	bitmap_unchecked_scanline_u8_const	Libraries/LibGfx/Bitmap.h:165	ported
Gfx::Bitmap::width	luce-browser-render	gfx	bitmap_width	Libraries/LibGfx/Bitmap.h:92	ported
Gfx::BitmapExportResult	luce-browser-render	gfx	BitmapExportResult	Libraries/LibGfx/BitmapExportResult.h:13	struct
Gfx::BitmapFormat	luce-browser-render	gfx	BitmapFormat	Libraries/LibGfx/Bitmap.h:30	enum
Gfx::BitmapMetadata	luce-browser-render	gfx	BitmapMetadata	Libraries/LibGfx/BitmapSequence.h:22	struct
Gfx::BitmapSequence	luce-browser-render	gfx	BitmapSequence	Libraries/LibGfx/BitmapSequence.h:17	struct
Gfx::CanvasConicGradientPaintStyle	luce-browser-render	gfx	CanvasConicGradientPaintStyle	Libraries/LibGfx/PaintStyle.h:133	struct
Gfx::CanvasConicGradientPaintStyle::CanvasConicGradientPaintStyle	luce-browser-render	gfx	canvas_conic_gradient_paint_style_construct	Libraries/LibGfx/PaintStyle.h:144	construct
Gfx::CanvasConicGradientPaintStyle::center	luce-browser-render	gfx	canvas_conic_gradient_paint_style_center	Libraries/LibGfx/PaintStyle.h:140	ported
Gfx::CanvasConicGradientPaintStyle::create	luce-browser-render	gfx	canvas_conic_gradient_paint_style_create	Libraries/LibGfx/PaintStyle.h:135	ported
Gfx::CanvasConicGradientPaintStyle::start_angle	luce-browser-render	gfx	canvas_conic_gradient_paint_style_start_angle	Libraries/LibGfx/PaintStyle.h:141	ported
Gfx::CanvasLinearGradientPaintStyle	luce-browser-render	gfx	CanvasLinearGradientPaintStyle	Libraries/LibGfx/PaintStyle.h:112	struct
Gfx::CanvasLinearGradientPaintStyle::CanvasLinearGradientPaintStyle	luce-browser-render	gfx	canvas_linear_gradient_paint_style_construct	Libraries/LibGfx/PaintStyle.h:123	construct
Gfx::CanvasLinearGradientPaintStyle::create	luce-browser-render	gfx	canvas_linear_gradient_paint_style_create	Libraries/LibGfx/PaintStyle.h:114	ported
Gfx::CanvasLinearGradientPaintStyle::end_point	luce-browser-render	gfx	canvas_linear_gradient_paint_style_end_point	Libraries/LibGfx/PaintStyle.h:120	ported
Gfx::CanvasLinearGradientPaintStyle::start_point	luce-browser-render	gfx	canvas_linear_gradient_paint_style_start_point	Libraries/LibGfx/PaintStyle.h:119	ported
Gfx::CanvasPatternPaintStyle	luce-browser-render	gfx	CanvasPatternPaintStyle	Libraries/LibGfx/PaintStyle.h:84	struct
Gfx::CanvasPatternPaintStyle::CanvasPatternPaintStyle	luce-browser-render	gfx	canvas_pattern_paint_style_construct	Libraries/LibGfx/PaintStyle.cpp:13	construct
Gfx::CanvasPatternPaintStyle::Repetition	luce-browser-render	gfx	CanvasPatternPaintStyleRepetition	Libraries/LibGfx/PaintStyle.h:86	enum
Gfx::CanvasPatternPaintStyle::create	luce-browser-render	gfx	canvas_pattern_paint_style_create	Libraries/LibGfx/PaintStyle.cpp:19	ported
Gfx::CanvasPatternPaintStyle::image	luce-browser-render	gfx	canvas_pattern_paint_style_image	Libraries/LibGfx/PaintStyle.cpp:24	ported
Gfx::CanvasPatternPaintStyle::repetition	luce-browser-render	gfx	canvas_pattern_paint_style_repetition	Libraries/LibGfx/PaintStyle.h:96	ported
Gfx::CanvasPatternPaintStyle::set_transform	luce-browser-render	gfx	canvas_pattern_paint_style_set_transform	Libraries/LibGfx/PaintStyle.h:98	ported
Gfx::CanvasPatternPaintStyle::transform	luce-browser-render	gfx	canvas_pattern_paint_style_transform	Libraries/LibGfx/PaintStyle.h:97	ported
Gfx::CanvasRadialGradientPaintStyle	luce-browser-render	gfx	CanvasRadialGradientPaintStyle	Libraries/LibGfx/PaintStyle.h:154	struct
Gfx::CanvasRadialGradientPaintStyle::CanvasRadialGradientPaintStyle	luce-browser-render	gfx	canvas_radial_gradient_paint_style_construct	Libraries/LibGfx/PaintStyle.h:167	construct
Gfx::CanvasRadialGradientPaintStyle::create	luce-browser-render	gfx	canvas_radial_gradient_paint_style_create	Libraries/LibGfx/PaintStyle.h:156	ported
Gfx::CanvasRadialGradientPaintStyle::end_center	luce-browser-render	gfx	canvas_radial_gradient_paint_style_end_center	Libraries/LibGfx/PaintStyle.h:163	ported
Gfx::CanvasRadialGradientPaintStyle::end_radius	luce-browser-render	gfx	canvas_radial_gradient_paint_style_end_radius	Libraries/LibGfx/PaintStyle.h:164	ported
Gfx::CanvasRadialGradientPaintStyle::start_center	luce-browser-render	gfx	canvas_radial_gradient_paint_style_start_center	Libraries/LibGfx/PaintStyle.h:161	ported
Gfx::CanvasRadialGradientPaintStyle::start_radius	luce-browser-render	gfx	canvas_radial_gradient_paint_style_start_radius	Libraries/LibGfx/PaintStyle.h:162	ported
Gfx::ChannelSelector	luce-browser-render	gfx	ChannelSelector	Libraries/LibGfx/Filter.h:18	enum
Gfx::CodePointFallbackKey	luce-browser-render	web_fonts	CodePointFallbackKey	Libraries/LibGfx/Font/FontDatabase.h:19	struct
Gfx::CodePointFallbackKey::hash	luce-browser-render	web_fonts	code_point_fallback_key_hash	Libraries/LibGfx/Font/FontDatabase.h:27	ported
Gfx::Color	luce-browser-render	gfx	Color	Libraries/LibGfx/Color.h:58	struct
Gfx::Color::BrandedColor	luce-browser-render	gfx	ColorBrandedColor	Libraries/LibGfx/Color.h:88	enum
Gfx::Color::Color	luce-browser-render	gfx	color_construct_color_named_color	Libraries/LibGfx/Color.h:480	construct
Gfx::Color::Color	luce-browser-render	gfx	color_construct_u32	Libraries/LibGfx/Color.h:472	construct
Gfx::Color::Color	luce-browser-render	gfx	color_construct_u8_u8_u8	Libraries/LibGfx/Color.h:133	construct
Gfx::Color::Color	luce-browser-render	gfx	color_construct_u8_u8_u8_u8	Libraries/LibGfx/Color.h:138	construct
Gfx::Color::HTMLCompatibleSerialization	luce-browser-render	gfx	ColorHtmlCompatibleSerialization	Libraries/LibGfx/Color.h:419	enum
Gfx::Color::NamedColor	luce-browser-render	gfx	ColorNamedColor	Libraries/LibGfx/Color.h:60	enum
Gfx::Color::alpha	luce-browser-render	gfx	color_alpha	Libraries/LibGfx/Color.h:220	ported
Gfx::Color::blend	luce-browser-render	gfx	color_blend	Libraries/LibGfx/Color.h:264	ported
Gfx::Color::blue	luce-browser-render	gfx	color_blue	Libraries/LibGfx/Color.h:219	ported
Gfx::Color::branded_color	luce-browser-render	gfx	color_branded_color	Libraries/LibGfx/Color.h:568	ported
Gfx::Color::contrast_ratio	luce-browser-render	gfx	color_contrast_ratio	Libraries/LibGfx/Color.h:332	ported
Gfx::Color::darkened	luce-browser-render	gfx	color_darkened	Libraries/LibGfx/Color.h:380	ported
Gfx::Color::distance_squared_to	luce-browser-render	gfx	color_distance_squared_to	Libraries/LibGfx/Color.h:317	ported
Gfx::Color::from_a98rgb	luce-browser-render	gfx	color_from_a98rgb	Libraries/LibGfx/Color.cpp:479	ported
Gfx::Color::from_bgra	luce-browser-render	gfx	color_from_bgra	Libraries/LibGfx/Color.h:146	ported
Gfx::Color::from_bgrx	luce-browser-render	gfx	color_from_bgrx	Libraries/LibGfx/Color.h:145	ported
Gfx::Color::from_display_p3	luce-browser-render	gfx	color_from_display_p3	Libraries/LibGfx/Color.cpp:486	ported
Gfx::Color::from_hsl	luce-browser-render	gfx	color_from_hsl	Libraries/LibGfx/Color.h:171	ported
Gfx::Color::from_hsla	luce-browser-render	gfx	color_from_hsla	Libraries/LibGfx/Color.h:172	ported
Gfx::Color::from_hsv	luce-browser-render	gfx	color_from_hsv_f64	Libraries/LibGfx/Color.h:448	ported
Gfx::Color::from_hsv	luce-browser-render	gfx	color_from_hsv_hsv	Libraries/LibGfx/Color.h:453	ported
Gfx::Color::from_lab	luce-browser-render	gfx	color_from_lab	Libraries/LibGfx/Color.cpp:518	ported
Gfx::Color::from_linear_display_p3	luce-browser-render	gfx	color_from_linear_display_p3	Libraries/LibGfx/Color.cpp:472	ported
Gfx::Color::from_linear_srgb	luce-browser-render	gfx	color_from_linear_srgb_2	Libraries/LibGfx/Color.cpp:467	ported
Gfx::Color::from_named_css_color_string	luce-browser-render	gfx	color_from_named_css_color_string	Libraries/LibGfx/Color.cpp:181	ported
Gfx::Color::from_oklab	luce-browser-render	gfx	color_from_oklab	Libraries/LibGfx/Color.h:193	ported
Gfx::Color::from_pro_photo_rgb	luce-browser-render	gfx	color_from_pro_photo_rgb	Libraries/LibGfx/Color.cpp:493	ported
Gfx::Color::from_rec2020	luce-browser-render	gfx	color_from_rec2020	Libraries/LibGfx/Color.cpp:500	ported
Gfx::Color::from_rgba	luce-browser-render	gfx	color_from_rgba	Libraries/LibGfx/Color.h:147	ported
Gfx::Color::from_rgbx	luce-browser-render	gfx	color_from_rgbx	Libraries/LibGfx/Color.h:152	ported
Gfx::Color::from_string	luce-browser-render	gfx	color_from_string	Libraries/LibGfx/Color.cpp:405	ported
Gfx::Color::from_utf16_string	luce-browser-render	gfx	color_from_utf16_string	Libraries/LibGfx/Color.cpp:428	ported
Gfx::Color::from_xyz50	luce-browser-render	gfx	color_from_xyz50	Libraries/LibGfx/Color.cpp:506	ported
Gfx::Color::from_xyz65	luce-browser-render	gfx	color_from_xyz65	Libraries/LibGfx/Color.cpp:512	ported
Gfx::Color::from_yuv	luce-browser-render	gfx	color_from_yuv_f32	Libraries/LibGfx/Color.h:155	ported
Gfx::Color::from_yuv	luce-browser-render	gfx	color_from_yuv_yuv	Libraries/LibGfx/Color.h:154	ported
Gfx::Color::green	luce-browser-render	gfx	color_green	Libraries/LibGfx/Color.h:218	ported
Gfx::Color::interpolate	luce-browser-render	gfx	color_interpolate	Libraries/LibGfx/Color.h:298	ported
Gfx::Color::inverted	luce-browser-render	gfx	color_inverted	Libraries/LibGfx/Color.h:402	ported
Gfx::Color::lightened	luce-browser-render	gfx	color_lightened	Libraries/LibGfx/Color.h:385	ported
Gfx::Color::luminosity	luce-browser-render	gfx	color_luminosity	Libraries/LibGfx/Color.h:327	ported
Gfx::Color::mixed_with	luce-browser-render	gfx	color_mixed_with	Libraries/LibGfx/Color.h:280	ported
Gfx::Color::multiply	luce-browser-render	gfx	color_multiply	Libraries/LibGfx/Color.h:308	ported
Gfx::Color::operator==	luce-browser-render	gfx	color_eq	Libraries/LibGfx/Color.h:414	ported
Gfx::Color::red	luce-browser-render	gfx	color_red	Libraries/LibGfx/Color.h:217	ported
Gfx::Color::saturated_to	luce-browser-render	gfx	color_saturated_to	Libraries/LibGfx/Color.h:393	ported
Gfx::Color::sepia	luce-browser-render	gfx	color_sepia	Libraries/LibGfx/Color.h:347	ported
Gfx::Color::serialize_a_srgb_value	luce-browser-render	gfx	color_serialize_a_srgb_value	Libraries/LibGfx/Color.cpp:84	ported
Gfx::Color::serialize_a_srgb_value	luce-browser-render	gfx	color_serialize_a_srgb_value_string_builder	Libraries/LibGfx/Color.cpp:71	ported
Gfx::Color::set_alpha	luce-browser-render	gfx	color_set_alpha	Libraries/LibGfx/Color.h:222	ported
Gfx::Color::set_blue	luce-browser-render	gfx	color_set_blue	Libraries/LibGfx/Color.h:251	ported
Gfx::Color::set_green	luce-browser-render	gfx	color_set_green	Libraries/LibGfx/Color.h:245	ported
Gfx::Color::set_red	luce-browser-render	gfx	color_set_red	Libraries/LibGfx/Color.h:239	ported
Gfx::Color::shades	luce-browser-render	gfx	color_shades	Libraries/LibGfx/Color.cpp:433	ported
Gfx::Color::suggested_foreground_color	luce-browser-render	gfx	color_suggested_foreground_color	Libraries/LibGfx/Color.h:466	ported
Gfx::Color::tints	luce-browser-render	gfx	color_tints	Libraries/LibGfx/Color.cpp:445	ported
Gfx::Color::to_byte_string	luce-browser-render	gfx	color_to_byte_string	Libraries/LibGfx/Color.cpp:124	ported
Gfx::Color::to_byte_string_without_alpha	luce-browser-render	gfx	color_to_byte_string_without_alpha	Libraries/LibGfx/Color.cpp:129	ported
Gfx::Color::to_grayscale	luce-browser-render	gfx	color_to_grayscale	Libraries/LibGfx/Color.h:341	ported
Gfx::Color::to_hsv	luce-browser-render	gfx	color_to_hsv	Libraries/LibGfx/Color.h:437	ported
Gfx::Color::to_oklab	luce-browser-render	gfx	color_to_oklab	Libraries/LibGfx/Color.h:210	ported
Gfx::Color::to_premultiplied_oklab	luce-browser-render	gfx	color_to_premultiplied_oklab	Libraries/LibGfx/Color.h:199	ported
Gfx::Color::to_string	luce-browser-render	gfx	color_to_string	Libraries/LibGfx/Color.cpp:91	ported
Gfx::Color::to_string_without_alpha	luce-browser-render	gfx	color_to_string_without_alpha	Libraries/LibGfx/Color.cpp:114	ported
Gfx::Color::to_utf16_string_without_alpha	luce-browser-render	gfx	color_to_utf16_string_without_alpha	Libraries/LibGfx/Color.cpp:119	ported
Gfx::Color::to_yuv	luce-browser-render	gfx	color_to_yuv	Libraries/LibGfx/Color.h:165	ported
Gfx::Color::value	luce-browser-render	gfx	color_value	Libraries/LibGfx/Color.h:412	ported
Gfx::Color::with_alpha	luce-browser-render	gfx	color_with_alpha	Libraries/LibGfx/Color.h:257	ported
Gfx::Color::with_opacity	luce-browser-render	gfx	color_with_opacity	Libraries/LibGfx/Color.h:374	ported
Gfx::Color::xored	luce-browser-render	gfx	color_xored	Libraries/LibGfx/Color.h:407	ported
Gfx::ColorComponents	luce-browser-render	gfx	ColorComponents	Libraries/LibGfx/ColorConversion.h:17	struct
Gfx::ColorComponents [default member initializers]	luce-browser-render	gfx	color_components_init_fields	Libraries/LibGfx/ColorConversion.h:17	init fields
Gfx::ColorComponents::ColorComponents	luce-browser-render	gfx	color_components_construct	Libraries/LibGfx/ColorConversion.h:20	construct
Gfx::ColorComponents::alpha	luce-browser-render	gfx	color_components_alpha	Libraries/LibGfx/ColorConversion.h:29	ported
Gfx::ColorComponents::operator[]	luce-browser-render	gfx	color_components_at	Libraries/LibGfx/ColorConversion.h:26	ported
Gfx::ColorComponents::operator[]	luce-browser-render	gfx	color_components_at_const	Libraries/LibGfx/ColorConversion.h:27	ported
Gfx::ColorComponents::set_alpha	luce-browser-render	gfx	color_components_set_alpha	Libraries/LibGfx/ColorConversion.h:30	ported
Gfx::ColorFilterType	luce-browser-render	gfx	ColorFilterType	Libraries/LibGfx/Filter.h:25	enum
Gfx::ColorRole	luce-browser-render	gfx	ColorRole	Libraries/LibGfx/SystemTheme.h:145	enum
Gfx::ColorSpace	luce-browser-render	gfx	ColorSpace	Libraries/LibGfx/ColorSpace.h:23	struct
Gfx::ColorSpace::ColorSpace	luce-browser-render	gfx	color_space_construct	Libraries/LibGfx/ColorSpace.cpp:26	construct
Gfx::ColorSpace::ColorSpace	luce-browser-render	gfx	color_space_construct_color_space_impl	Libraries/LibGfx/ColorSpace.cpp:47	construct
Gfx::ColorSpace::color_space	luce-browser-render	gfx	color_space_color_space_sk_sp	Libraries/LibGfx/ColorSpace.cpp:160	ported
Gfx::ColorSpace::from_cicp	luce-browser-render	gfx	color_space_from_cicp	Libraries/LibGfx/ColorSpace.cpp:52	ported
Gfx::ColorSpace::load_from_icc_bytes	luce-browser-render	gfx	color_space_load_from_icc_bytes	Libraries/LibGfx/ColorSpace.cpp:134	ported
Gfx::ColorStop	luce-browser-render	gfx	ColorStop	Libraries/LibGfx/Gradients.h:15	struct
Gfx::ColorStop [default member initializers]	luce-browser-render	gfx	color_stop_init_fields	Libraries/LibGfx/Gradients.h:15	init fields
Gfx::CompositingAndBlendingOperator	luce-browser-render	gfx	CompositingAndBlendingOperator	Libraries/LibGfx/CompositingAndBlendingOperator.h:12	enum
Gfx::Details::ColorSpaceImpl	luce-browser-render	gfx	ColorSpaceImpl	Libraries/LibGfx/ColorSpace.cpp:20	struct
Gfx::DrawGlyph	luce-browser-render	web_fonts	DrawGlyph	Libraries/LibGfx/TextLayout.h:26	struct
Gfx::ExportFlags	luce-browser-render	gfx	ExportFlags	Libraries/LibGfx/ImmutableBitmap.h:43	struct
Gfx::ExportFormat	luce-browser-render	gfx	ExportFormat	Libraries/LibGfx/ImmutableBitmap.h:35	enum
Gfx::Filter	luce-browser-render	gfx	Filter	Libraries/LibGfx/Filter.h:42	struct
Gfx::Filter::Filter	luce-browser-render	gfx	filter_construct	Libraries/LibGfx/Filter.cpp:37	construct
Gfx::Filter::arithmetic	luce-browser-render	gfx	filter_arithmetic	Libraries/LibGfx/Filter.cpp:47	ported
Gfx::Filter::blend	luce-browser-render	gfx	filter_blend	Libraries/LibGfx/Filter.cpp:66	ported
Gfx::Filter::blur	luce-browser-render	gfx	filter_blur	Libraries/LibGfx/Filter.cpp:75	ported
Gfx::Filter::color	luce-browser-render	gfx	filter_color	Libraries/LibGfx/Filter.cpp:127	ported
Gfx::Filter::color_matrix	luce-browser-render	gfx	filter_color_matrix	Libraries/LibGfx/Filter.cpp:219	ported
Gfx::Filter::color_table	luce-browser-render	gfx	filter_color_table	Libraries/LibGfx/Filter.cpp:226	ported
Gfx::Filter::compose	luce-browser-render	gfx	filter_compose	Libraries/LibGfx/Filter.cpp:57	ported
Gfx::Filter::dilate	luce-browser-render	gfx	filter_dilate	Libraries/LibGfx/Filter.cpp:314	ported
Gfx::Filter::displacement_map	luce-browser-render	gfx	filter_displacement_map	Libraries/LibGfx/Filter.cpp:91	ported
Gfx::Filter::drop_shadow	luce-browser-render	gfx	filter_drop_shadow	Libraries/LibGfx/Filter.cpp:117	ported
Gfx::Filter::erode	luce-browser-render	gfx	filter_erode	Libraries/LibGfx/Filter.cpp:308	ported
Gfx::Filter::flood	luce-browser-render	gfx	filter_flood	Libraries/LibGfx/Filter.cpp:83	ported
Gfx::Filter::hue_rotate	luce-browser-render	gfx	filter_hue_rotate	Libraries/LibGfx/Filter.cpp:259	ported
Gfx::Filter::image	luce-browser-render	gfx	filter_image	Libraries/LibGfx/Filter.cpp:289	ported
Gfx::Filter::impl	luce-browser-render	gfx	filter_impl	Libraries/LibGfx/Filter.cpp:42	ported
Gfx::Filter::merge	luce-browser-render	gfx	filter_merge	Libraries/LibGfx/Filter.cpp:298	ported
Gfx::Filter::offset	luce-browser-render	gfx	filter_offset	Libraries/LibGfx/Filter.cpp:320	ported
Gfx::Filter::saturate	luce-browser-render	gfx	filter_saturate	Libraries/LibGfx/Filter.cpp:249	ported
Gfx::Filter::turbulence	luce-browser-render	gfx	filter_turbulence	Libraries/LibGfx/Filter.cpp:326	ported
Gfx::FilterImpl	luce-browser-render	gfx	FilterImpl	Libraries/LibGfx/FilterImpl.h:15	struct
Gfx::FilterImpl::clone	luce-browser-render	gfx	filter_impl_clone	Libraries/LibGfx/FilterImpl.h:23	ported
Gfx::FilterImpl::create	luce-browser-render	gfx	filter_impl_create	Libraries/LibGfx/FilterImpl.h:18	ported
Gfx::FlagRole	luce-browser-render	gfx	FlagRole	Libraries/LibGfx/SystemTheme.h:202	enum
Gfx::Font	luce-browser-render	web_fonts	Font	Libraries/LibGfx/Font/Font.h:58	struct
Gfx::Font [default member initializers]	luce-browser-render	web_fonts	font_init_fields	Libraries/LibGfx/Font/Font.h:58	init fields
Gfx::Font::Font	luce-browser-render	web_fonts	font_construct	Libraries/LibGfx/Font/Font.cpp:25	construct
Gfx::Font::ShapingCache	luce-browser-render	web_fonts	FontShapingCache	Libraries/LibGfx/Font/Font.h:89	struct
Gfx::Font::ShapingCache::clear	luce-browser-render	web_fonts	font_shaping_cache_clear	Libraries/LibGfx/Font/Font.cpp:151	ported
Gfx::Font::baseline	luce-browser-render	web_fonts	font_baseline	Libraries/LibGfx/Font/Font.h:74	ported
Gfx::Font::bold_variant	luce-browser-render	web_fonts	font_bold_variant	Libraries/LibGfx/Font/Font.cpp:106	ported
Gfx::Font::contains_glyph	luce-browser-render	web_fonts	font_contains_glyph	Libraries/LibGfx/Font/Font.h:69	ported
Gfx::Font::family	luce-browser-render	web_fonts	font_family	Libraries/LibGfx/Font/Font.h:76	ported
Gfx::Font::features	luce-browser-render	web_fonts	font_features	Libraries/LibGfx/Font/Font.h:87	ported
Gfx::Font::glyph_id_for_code_point	luce-browser-render	web_fonts	font_glyph_id_for_code_point	Libraries/LibGfx/Font/Font.h:71	ported
Gfx::Font::glyph_width	luce-browser-render	web_fonts	font_glyph_width	Libraries/LibGfx/Font/Font.cpp:70	ported
Gfx::Font::harfbuzz_font	luce-browser-render	web_fonts	font_harfbuzz_font	Libraries/LibGfx/Font/Font.cpp:116	ported
Gfx::Font::is_emoji_font	luce-browser-render	web_fonts	font_is_emoji_font	Libraries/LibGfx/Font/Font.cpp:173	ported
Gfx::Font::metrics	luce-browser-render	web_fonts	font_metrics	Libraries/LibGfx/Font/Font.cpp:55	ported
Gfx::Font::pixel_metrics	luce-browser-render	web_fonts	font_pixel_metrics	Libraries/LibGfx/Font/Font.h:66	ported
Gfx::Font::pixel_size	luce-browser-render	web_fonts	font_pixel_size	Libraries/LibGfx/Font/Font.cpp:90	ported
Gfx::Font::point_size	luce-browser-render	web_fonts	font_point_size	Libraries/LibGfx/Font/Font.cpp:95	ported
Gfx::Font::preferred_line_height	luce-browser-render	web_fonts	font_preferred_line_height	Libraries/LibGfx/Font/Font.h:72	ported
Gfx::Font::scaled_with_size	luce-browser-render	web_fonts	font_scaled_with_size	Libraries/LibGfx/Font/Font.cpp:76	ported
Gfx::Font::shaping_cache	luce-browser-render	web_fonts	font_shaping_cache	Libraries/LibGfx/Font/Font.h:96	ported
Gfx::Font::skia_font	luce-browser-render	web_fonts	font_skia_font	Libraries/LibGfx/Font/Font.cpp:138	ported
Gfx::Font::slope	luce-browser-render	web_fonts	font_slope	Libraries/LibGfx/Font/Font.h:67	ported
Gfx::Font::typeface	luce-browser-render	web_fonts	font_typeface	Libraries/LibGfx/Font/Font.h:81	ported
Gfx::Font::weight	luce-browser-render	web_fonts	font_weight	Libraries/LibGfx/Font/Font.h:68	ported
Gfx::Font::width	luce-browser-render	web_fonts	font_width	Libraries/LibGfx/Font/Font.cpp:68	ported
Gfx::Font::with_size	luce-browser-render	web_fonts	font_with_size	Libraries/LibGfx/Font/Font.cpp:85	ported
Gfx::Font::x_height	luce-browser-render	web_fonts	font_x_height	Libraries/LibGfx/Font/Font.h:73	ported
Gfx::FontCacheKey	luce-browser-render	web_fonts	FontCacheKey	Libraries/LibGfx/Font/Typeface.h:41	struct
Gfx::FontCacheKey::hash	luce-browser-render	web_fonts	font_cache_key_hash	Libraries/LibGfx/Font/Typeface.h:51	ported
Gfx::FontCacheKey::operator==	luce-browser-render	web_fonts	font_cache_key_eq	Libraries/LibGfx/Font/Typeface.h:46	ported
Gfx::FontCascadeList	luce-browser-render	web_fonts	FontCascadeList	Libraries/LibGfx/FontCascadeList.h:17	struct
Gfx::FontCascadeList::Entry	luce-browser-render	web_fonts	FontCascadeListEntry	Libraries/LibGfx/FontCascadeList.h:58	opaque
Gfx::FontCascadeList::Entry::RangeData	luce-browser-render	web_fonts	FontCascadeListEntryRangeData	Libraries/LibGfx/FontCascadeList.h:60	struct
Gfx::FontCascadeList::PendingFace	luce-browser-render	web_fonts	FontCascadeListPendingFace	Libraries/LibGfx/FontCascadeList.h:69	opaque
Gfx::FontCascadeList::PendingFace::PendingFace	luce-browser-render	web_fonts	font_cascade_list_pending_face_construct	Libraries/LibGfx/FontCascadeList.h:71	construct
Gfx::FontCascadeList::PendingFace::covers	luce-browser-render	web_fonts	font_cascade_list_pending_face_covers	Libraries/LibGfx/FontCascadeList.h:78	ported
Gfx::FontCascadeList::PendingFace::start_load	luce-browser-render	web_fonts	font_cascade_list_pending_face_start_load	Libraries/LibGfx/FontCascadeList.h:89	ported
Gfx::FontCascadeList::TriggerPendingLoads	luce-browser-render	web_fonts	FontCascadeListTriggerPendingLoads	Libraries/LibGfx/FontCascadeList.h:50	enum
Gfx::FontCascadeList::add	luce-browser-render	web_fonts	font_cascade_list_add	Libraries/LibGfx/FontCascadeList.cpp:11	ported
Gfx::FontCascadeList::add	luce-browser-render	web_fonts	font_cascade_list_add_vector	Libraries/LibGfx/FontCascadeList.cpp:16	ported
Gfx::FontCascadeList::add_pending_face	luce-browser-render	web_fonts	font_cascade_list_add_pending_face	Libraries/LibGfx/FontCascadeList.cpp:37	ported
Gfx::FontCascadeList::create	luce-browser-render	web_fonts	font_cascade_list_create	Libraries/LibGfx/FontCascadeList.h:21	ported
Gfx::FontCascadeList::equals	luce-browser-render	web_fonts	font_cascade_list_equals	Libraries/LibGfx/FontCascadeList.cpp:117	ported
Gfx::FontCascadeList::extend	luce-browser-render	web_fonts	font_cascade_list_extend	Libraries/LibGfx/FontCascadeList.cpp:55	ported
Gfx::FontCascadeList::first	luce-browser-render	web_fonts	font_cascade_list_first	Libraries/LibGfx/FontCascadeList.h:28	ported
Gfx::FontCascadeList::first_text_face	luce-browser-render	web_fonts	font_cascade_list_first_text_face	Libraries/LibGfx/FontCascadeList.h:100	ported
Gfx::FontCascadeList::font_for_code_point	luce-browser-render	web_fonts	font_cascade_list_font_for_code_point	Libraries/LibGfx/FontCascadeList.cpp:61	ported
Gfx::FontCascadeList::for_each_font_entry	luce-browser-render	web_fonts	font_cascade_list_for_each_font_entry	Libraries/LibGfx/FontCascadeList.h:31	ported
Gfx::FontCascadeList::is_empty	luce-browser-render	web_fonts	font_cascade_list_is_empty	Libraries/LibGfx/FontCascadeList.h:27	ported
Gfx::FontCascadeList::set_last_resort_font	luce-browser-render	web_fonts	font_cascade_list_set_last_resort_font	Libraries/LibGfx/FontCascadeList.h:97	ported
Gfx::FontCascadeList::set_system_font_fallback_callback	luce-browser-render	web_fonts	font_cascade_list_set_system_font_fallback_callback	Libraries/LibGfx/FontCascadeList.h:98	ported
Gfx::FontCascadeList::size	luce-browser-render	web_fonts	font_cascade_list_size	Libraries/LibGfx/FontCascadeList.h:26	ported
Gfx::FontData	luce-browser-render	web_fonts	FontData	Libraries/LibGfx/Font/FontData.h:14	struct
Gfx::FontData::FontData	luce-browser-render	web_fonts	font_data_construct_byte_buffer	Libraries/LibGfx/Font/FontData.cpp:30	construct
Gfx::FontData::FontData	luce-browser-render	web_fonts	font_data_construct_core_resource	Libraries/LibGfx/Font/FontData.cpp:35	construct
Gfx::FontData::bytes	luce-browser-render	web_fonts	font_data_bytes	Libraries/LibGfx/Font/FontData.cpp:21	ported
Gfx::FontData::create_from_byte_buffer	luce-browser-render	web_fonts	font_data_create_from_byte_buffer	Libraries/LibGfx/Font/FontData.cpp:11	ported
Gfx::FontData::create_from_resource	luce-browser-render	web_fonts	font_data_create_from_resource	Libraries/LibGfx/Font/FontData.cpp:16	ported
Gfx::FontDatabase	luce-browser-render	web_fonts	FontDatabase	Libraries/LibGfx/Font/FontDatabase.h:44	struct
Gfx::FontDatabase::CodePointFallbackEntry	luce-browser-render	web_fonts	FontDatabaseCodePointFallbackEntry	Libraries/LibGfx/Font/FontDatabase.h:62	opaque
Gfx::FontDatabase::FontDatabase	luce-browser-render	web_fonts	font_database_construct	Libraries/LibGfx/Font/FontDatabase.cpp:46	construct
Gfx::FontDatabase::font_directories	luce-browser-render	web_fonts	font_database_font_directories	Libraries/LibGfx/Font/FontDatabase.cpp:77	ported
Gfx::FontDatabase::for_each_typeface_with_family_name	luce-browser-render	web_fonts	font_database_for_each_typeface_with_family_name	Libraries/LibGfx/Font/FontDatabase.cpp:72	ported
Gfx::FontDatabase::get	luce-browser-render	web_fonts	font_database_get	Libraries/LibGfx/Font/FontDatabase.cpp:48	ported
Gfx::FontDatabase::get_font_for_code_point	luce-browser-render	web_fonts	font_database_get_font_for_code_point	Libraries/LibGfx/Font/FontDatabase.cpp:53	ported
Gfx::FontDatabase::install_system_font_provider	luce-browser-render	web_fonts	font_database_install_system_font_provider	Libraries/LibGfx/Font/FontDatabase.cpp:33	ported
Gfx::FontDatabase::system_font_provider_name	luce-browser-render	web_fonts	font_database_system_font_provider_name	Libraries/LibGfx/Font/FontDatabase.cpp:40	ported
Gfx::FontDatabase::the	luce-browser-render	web_fonts	font_database_the	Libraries/LibGfx/Font/FontDatabase.cpp:27	ported
Gfx::FontFormat	luce-browser-render	web_fonts	FontFormat	Libraries/LibGfx/Font/FontSupport.h:13	enum
Gfx::FontPixelMetrics	luce-browser-render	web_fonts	FontPixelMetrics	Libraries/LibGfx/Font/Font.h:26	struct
Gfx::FontPixelMetrics::line_spacing	luce-browser-render	web_fonts	font_pixel_metrics_line_spacing	Libraries/LibGfx/Font/Font.h:40	ported
Gfx::FontStyleMapping	luce-browser-render	web_fonts	FontStyleMapping	Libraries/LibGfx/Font/FontStyleMapping.h:14	struct
Gfx::FontTech	luce-browser-render	web_fonts	FontTech	Libraries/LibGfx/Font/FontSupport.h:23	enum
Gfx::FontVariationAxis	luce-browser-render	web_fonts	FontVariationAxis	Libraries/LibGfx/Font/FontVariationSettings.h:16	struct
Gfx::FontVariationAxis::FontVariationAxis	luce-browser-render	web_fonts	font_variation_axis_construct	Libraries/LibGfx/Font/FontVariationSettings.h:20	construct
Gfx::FontVariationAxis::operator==	luce-browser-render	web_fonts	font_variation_axis_eq	Libraries/LibGfx/Font/FontVariationSettings.h:26	ported
Gfx::FontVariationSettings	luce-browser-render	web_fonts	FontVariationSettings	Libraries/LibGfx/Font/FontVariationSettings.h:33	struct
Gfx::FontVariationSettings::is_empty	luce-browser-render	web_fonts	font_variation_settings_is_empty	Libraries/LibGfx/Font/FontVariationSettings.h:56	ported
Gfx::FontVariationSettings::set_optical_sizing	luce-browser-render	web_fonts	font_variation_settings_set_optical_sizing	Libraries/LibGfx/Font/FontVariationSettings.h:51	ported
Gfx::FontVariationSettings::set_weight	luce-browser-render	web_fonts	font_variation_settings_set_weight	Libraries/LibGfx/Font/FontVariationSettings.h:39	ported
Gfx::FontVariationSettings::set_width	luce-browser-render	web_fonts	font_variation_settings_set_width	Libraries/LibGfx/Font/FontVariationSettings.h:45	ported
Gfx::FontVariationSettings::to_sorted_list	luce-browser-render	web_fonts	font_variation_settings_to_sorted_list	Libraries/LibGfx/Font/FontVariationSettings.h:58	ported
Gfx::FontWidth	luce-browser-render	web_fonts	FontWidth	Libraries/LibGfx/Font/Font.h:44	enum
Gfx::FourCC	luce-browser-render	gfx	FourCc	Libraries/LibGfx/FourCC.h:13	struct
Gfx::FourCC::FourCC	luce-browser-render	gfx	four_cc_construct	Libraries/LibGfx/FourCC.h:16	construct
Gfx::FourCC::from_u32	luce-browser-render	gfx	four_cc_from_u32	Libraries/LibGfx/FourCC.h:24	ported
Gfx::FourCC::operator<	luce-browser-render	gfx	four_cc_lt	Libraries/LibGfx/FourCC.h:45	ported
Gfx::FourCC::to_u32	luce-browser-render	gfx	four_cc_to_u32	Libraries/LibGfx/FourCC.h:37	ported
Gfx::GlyphRun	luce-browser-render	web_fonts	GlyphRun	Libraries/LibGfx/TextLayout.h:33	struct
Gfx::GlyphRun::CachedTextBlob	luce-browser-render	web_fonts	GlyphRunCachedTextBlob	Libraries/LibGfx/TextLayout.cpp:21	opaque
Gfx::GlyphRun::GlyphRun	luce-browser-render	web_fonts	glyph_run_construct	Libraries/LibGfx/TextLayout.cpp:27	construct
Gfx::GlyphRun::TextType	luce-browser-render	web_fonts	GlyphRunTextType	Libraries/LibGfx/TextLayout.h:35	enum
Gfx::GlyphRun::cached_blob_bounds	luce-browser-render	web_fonts	glyph_run_cached_blob_bounds	Libraries/LibGfx/TextLayout.cpp:83	ported
Gfx::GlyphRun::cached_skia_text_blob	luce-browser-render	web_fonts	glyph_run_cached_skia_text_blob	Libraries/LibGfx/TextLayout.cpp:90	ported
Gfx::GlyphRun::ensure_text_blob	luce-browser-render	web_fonts	glyph_run_ensure_text_blob	Libraries/LibGfx/TextLayout.cpp:51	ported
Gfx::GlyphRun::font	luce-browser-render	web_fonts	glyph_run_font	Libraries/LibGfx/TextLayout.h:46	ported
Gfx::GlyphRun::get_glyph_intercepts	luce-browser-render	web_fonts	glyph_run_get_glyph_intercepts	Libraries/LibGfx/TextLayout.cpp:97	ported
Gfx::GlyphRun::glyphs	luce-browser-render	web_fonts	glyph_run_glyphs	Libraries/LibGfx/TextLayout.h:49	ported
Gfx::GlyphRun::glyphs	luce-browser-render	web_fonts	glyph_run_glyphs_const	Libraries/LibGfx/TextLayout.h:48	ported
Gfx::GlyphRun::is_empty	luce-browser-render	web_fonts	glyph_run_is_empty	Libraries/LibGfx/TextLayout.h:50	ported
Gfx::GlyphRun::slice	luce-browser-render	web_fonts	glyph_run_slice	Libraries/LibGfx/TextLayout.cpp:37	ported
Gfx::GlyphRun::text_type	luce-browser-render	web_fonts	glyph_run_text_type	Libraries/LibGfx/TextLayout.h:47	ported
Gfx::GlyphRun::width	luce-browser-render	web_fonts	glyph_run_width	Libraries/LibGfx/TextLayout.h:51	ported
Gfx::GradientPaintStyle	luce-browser-render	gfx	GradientPaintStyle	Libraries/LibGfx/PaintStyle.h:49	struct
Gfx::GradientPaintStyle::add_color_stop	luce-browser-render	gfx	gradient_paint_style_add_color_stop_color_stop	Libraries/LibGfx/PaintStyle.h:56	ported
Gfx::GradientPaintStyle::add_color_stop	luce-browser-render	gfx	gradient_paint_style_add_color_stop_f32	Libraries/LibGfx/PaintStyle.h:51	ported
Gfx::GradientPaintStyle::color_stops	luce-browser-render	gfx	gradient_paint_style_color_stops	Libraries/LibGfx/PaintStyle.h:69	ported
Gfx::GradientPaintStyle::is_visible	luce-browser-render	gfx	gradient_paint_style_is_visible_impl	Libraries/LibGfx/PaintStyle.h:74	impl
Gfx::GradientPaintStyle::repeat_length	luce-browser-render	gfx	gradient_paint_style_repeat_length	Libraries/LibGfx/PaintStyle.h:72	ported
Gfx::GradientPaintStyle::set_color_stops	luce-browser-render	gfx	gradient_paint_style_set_color_stops	Libraries/LibGfx/PaintStyle.h:70	ported
Gfx::GradientPaintStyle::set_repeat_length	luce-browser-render	gfx	gradient_paint_style_set_repeat_length	Libraries/LibGfx/PaintStyle.h:64	ported
Gfx::HSV	luce-browser-render	gfx	Hsv	Libraries/LibGfx/Color.h:40	struct
Gfx::ImageCursor	luce-browser-render	gfx	ImageCursor	Libraries/LibGfx/Cursor.h:41	struct
Gfx::ImageCursor::operator==	luce-browser-render	gfx	image_cursor_eq	Libraries/LibGfx/Cursor.cpp:14	ported
Gfx::ImmutableBitmap	luce-browser-render	gfx	ImmutableBitmap	Libraries/LibGfx/ImmutableBitmap.h:50	struct
Gfx::ImmutableBitmap::ImmutableBitmap	luce-browser-render	gfx	immutable_bitmap_construct	Libraries/LibGfx/ImmutableBitmap.cpp:332	construct
Gfx::ImmutableBitmap::alpha_type	luce-browser-render	gfx	immutable_bitmap_alpha_type	Libraries/LibGfx/ImmutableBitmap.cpp:66	ported
Gfx::ImmutableBitmap::bitmap	luce-browser-render	gfx	immutable_bitmap_bitmap	Libraries/LibGfx/ImmutableBitmap.cpp:188	ported
Gfx::ImmutableBitmap::create	luce-browser-render	gfx	immutable_bitmap_create_alpha_type	Libraries/LibGfx/ImmutableBitmap.cpp:301	ported
Gfx::ImmutableBitmap::create	luce-browser-render	gfx	immutable_bitmap_create_color_space	Libraries/LibGfx/ImmutableBitmap.cpp:283	ported
Gfx::ImmutableBitmap::create_from_yuv	luce-browser-render	gfx	immutable_bitmap_create_from_yuv	Libraries/LibGfx/ImmutableBitmap.cpp:204	replaced
Gfx::ImmutableBitmap::create_snapshot_from_painting_surface	luce-browser-render	gfx	immutable_bitmap_create_snapshot_from_painting_surface	Libraries/LibGfx/ImmutableBitmap.cpp:316	ported
Gfx::ImmutableBitmap::ensure_sk_image	luce-browser-render	gfx	immutable_bitmap_ensure_sk_image	Libraries/LibGfx/ImmutableBitmap.cpp:241	ported
Gfx::ImmutableBitmap::export_to_byte_buffer	luce-browser-render	gfx	immutable_bitmap_export_to_byte_buffer	Libraries/LibGfx/ImmutableBitmap.cpp:121	ported
Gfx::ImmutableBitmap::get_pixel	luce-browser-render	gfx	immutable_bitmap_get_pixel	Libraries/LibGfx/ImmutableBitmap.cpp:266	ported
Gfx::ImmutableBitmap::height	luce-browser-render	gfx	immutable_bitmap_height	Libraries/LibGfx/ImmutableBitmap.cpp:51	ported
Gfx::ImmutableBitmap::lock_context	luce-browser-render	gfx	immutable_bitmap_lock_context	Libraries/LibGfx/ImmutableBitmap.cpp:344	ported
Gfx::ImmutableBitmap::rect	luce-browser-render	gfx	immutable_bitmap_rect	Libraries/LibGfx/ImmutableBitmap.cpp:56	ported
Gfx::ImmutableBitmap::size	luce-browser-render	gfx	immutable_bitmap_size	Libraries/LibGfx/ImmutableBitmap.cpp:61	ported
Gfx::ImmutableBitmap::sk_image	luce-browser-render	gfx	immutable_bitmap_sk_image	Libraries/LibGfx/ImmutableBitmap.cpp:73	replaced
Gfx::ImmutableBitmap::unlock_context	luce-browser-render	gfx	immutable_bitmap_unlock_context	Libraries/LibGfx/ImmutableBitmap.cpp:351	ported
Gfx::ImmutableBitmap::width	luce-browser-render	gfx	immutable_bitmap_width	Libraries/LibGfx/ImmutableBitmap.cpp:46	ported
Gfx::ImmutableBitmapImpl	luce-browser-render	gfx	ImmutableBitmapImpl	Libraries/LibGfx/ImmutableBitmap.cpp:38	struct
Gfx::InterpolationColorSpace	luce-browser-render	gfx	InterpolationColorSpace	Libraries/LibGfx/InterpolationColorSpace.h:11	enum
Gfx::LineStyle	luce-browser-render	gfx	LineStyle	Libraries/LibGfx/LineStyle.h:11	enum
Gfx::MaskKind	luce-browser-render	gfx	MaskKind	Libraries/LibGfx/Forward.h:64	enum
Gfx::Matrix	luce-browser-render	gfx	Matrix	Libraries/LibGfx/Matrix.h:17	opaque
Gfx::Matrix::Matrix<N, T> [FloatMatrix4X4]	luce-browser-render	gfx	float_matrix4_x4_construct	Libraries/LibGfx/Matrix.h:25	construct
Gfx::Matrix::adjugate [FloatMatrix4X4]	luce-browser-render	gfx	float_matrix4_x4_adjugate	Libraries/LibGfx/Matrix.h:137	ported
Gfx::Matrix::determinant [FloatMatrix4X4]	luce-browser-render	gfx	float_matrix4_x4_determinant	Libraries/LibGfx/Matrix.h:152	ported
Gfx::Matrix::elements [FloatMatrix4X4]	luce-browser-render	gfx	float_matrix4_x4_elements	Libraries/LibGfx/Matrix.h:63	ported
Gfx::Matrix::elements [FloatMatrix4X4]	luce-browser-render	gfx	float_matrix4_x4_elements_const	Libraries/LibGfx/Matrix.h:62	ported
Gfx::Matrix::first_minor [FloatMatrix4X4]	luce-browser-render	gfx	float_matrix4_x4_first_minor	Libraries/LibGfx/Matrix.h:167	ported
Gfx::Matrix::identity [FloatMatrix4X4]	luce-browser-render	gfx	float_matrix4_x4_identity	Libraries/LibGfx/Matrix.h:190	ported
Gfx::Matrix::inverse [FloatMatrix4X4]	luce-browser-render	gfx	float_matrix4_x4_inverse	Libraries/LibGfx/Matrix.h:204	ported
Gfx::Matrix::is_identity [FloatMatrix4X4]	luce-browser-render	gfx	float_matrix4_x4_is_identity	Libraries/LibGfx/Matrix.h:236	ported
Gfx::Matrix::is_invertible [FloatMatrix4X4]	luce-browser-render	gfx	float_matrix4_x4_is_invertible	Libraries/LibGfx/Matrix.h:231	ported
Gfx::Matrix::operator* [FloatMatrix4X4]	luce-browser-render	gfx	float_matrix4_x4_mul	Libraries/LibGfx/Matrix.h:68	ported
Gfx::Matrix::operator+ [FloatMatrix4X4]	luce-browser-render	gfx	float_matrix4_x4_add	Libraries/LibGfx/Matrix.h:102	ported
Gfx::Matrix::operator/ [FloatMatrix4X4]	luce-browser-render	gfx	float_matrix4_x4_div	Libraries/LibGfx/Matrix.h:112	ported
Gfx::Matrix::operator[] [FloatMatrix4X4]	luce-browser-render	gfx	float_matrix4_x4_at	Libraries/LibGfx/Matrix.h:66	ported
Gfx::Matrix::operator[] [FloatMatrix4X4]	luce-browser-render	gfx	float_matrix4_x4_at_const	Libraries/LibGfx/Matrix.h:65	ported
Gfx::Matrix::transpose [FloatMatrix4X4]	luce-browser-render	gfx	float_matrix4_x4_transpose	Libraries/LibGfx/Matrix.h:209	ported
Gfx::Matrix<?, f32>	luce-browser-render	gfx	FloatMatrix4X4	Libraries/LibGfx/Matrix.h:17	instantiation
Gfx::MetricRole	luce-browser-render	gfx	MetricRole	Libraries/LibGfx/SystemTheme.h:229	enum
Gfx::MorphologyOperator	luce-browser-render	gfx	MorphologyOperator	Libraries/LibGfx/MorphologyOperator.h:11	enum
Gfx::Oklab	luce-browser-render	gfx	Oklab	Libraries/LibGfx/Color.h:52	struct
Gfx::Orientation	luce-browser-render	gfx	Orientation	Libraries/LibGfx/Orientation.h:11	enum
Gfx::PaintStyle	luce-browser-render	gfx	PaintStyle	Libraries/LibGfx/PaintStyle.h:23	struct
Gfx::PaintStyle::is_visible	luce-browser-render	gfx	paint_style_is_visible_impl	Libraries/LibGfx/PaintStyle.h:26	impl
Gfx::PaintStyle::is_visible [dispatch]	luce-browser-render	gfx	paint_style_is_visible	Libraries/LibGfx/PaintStyle.h:23	dispatcher
Gfx::Painter	luce-browser-render	gfx	Painter	Libraries/LibGfx/Painter.h:20	struct
Gfx::Painter::clear_rect	luce-browser-render	gfx	painter_clear_rect_impl	Libraries/LibGfx/Painter.h:26	impl
Gfx::Painter::clear_rect [dispatch]	luce-browser-render	gfx	painter_clear_rect	Libraries/LibGfx/Painter.h:20	dispatcher
Gfx::Painter::clip	luce-browser-render	gfx	painter_clip_impl	Libraries/LibGfx/Painter.h:45	impl
Gfx::Painter::clip [dispatch]	luce-browser-render	gfx	painter_clip	Libraries/LibGfx/Painter.h:20	dispatcher
Gfx::Painter::create	luce-browser-render	gfx	painter_create	Libraries/LibGfx/Painter.cpp:16	ported
Gfx::Painter::draw_bitmap	luce-browser-render	gfx	painter_draw_bitmap_impl	Libraries/LibGfx/Painter.h:29	impl
Gfx::Painter::draw_bitmap [dispatch]	luce-browser-render	gfx	painter_draw_bitmap	Libraries/LibGfx/Painter.h:20	dispatcher
Gfx::Painter::fill_path	luce-browser-render	gfx	painter_fill_path_color_winding_rule_f32_impl	Libraries/LibGfx/Painter.h:37	impl
Gfx::Painter::fill_path	luce-browser-render	gfx	painter_fill_path_color_winding_rule_impl	Libraries/LibGfx/Painter.h:36	impl
Gfx::Painter::fill_path	luce-browser-render	gfx	painter_fill_path_paint_style_impl	Libraries/LibGfx/Painter.h:38	impl
Gfx::Painter::fill_path [dispatch]	luce-browser-render	gfx	painter_fill_path_color_winding_rule	Libraries/LibGfx/Painter.h:20	dispatcher
Gfx::Painter::fill_path [dispatch]	luce-browser-render	gfx	painter_fill_path_color_winding_rule_f32	Libraries/LibGfx/Painter.h:20	dispatcher
Gfx::Painter::fill_path [dispatch]	luce-browser-render	gfx	painter_fill_path_paint_style	Libraries/LibGfx/Painter.h:20	dispatcher
Gfx::Painter::fill_rect	luce-browser-render	gfx	painter_fill_rect_impl	Libraries/LibGfx/Painter.h:27	impl
Gfx::Painter::fill_rect [dispatch]	luce-browser-render	gfx	painter_fill_rect	Libraries/LibGfx/Painter.h:20	dispatcher
Gfx::Painter::reset	luce-browser-render	gfx	painter_reset_impl	Libraries/LibGfx/Painter.h:47	impl
Gfx::Painter::reset [dispatch]	luce-browser-render	gfx	painter_reset	Libraries/LibGfx/Painter.h:20	dispatcher
Gfx::Painter::restore	luce-browser-render	gfx	painter_restore_impl	Libraries/LibGfx/Painter.h:43	impl
Gfx::Painter::restore [dispatch]	luce-browser-render	gfx	painter_restore	Libraries/LibGfx/Painter.h:20	dispatcher
Gfx::Painter::save	luce-browser-render	gfx	painter_save_impl	Libraries/LibGfx/Painter.h:42	impl
Gfx::Painter::save [dispatch]	luce-browser-render	gfx	painter_save	Libraries/LibGfx/Painter.h:20	dispatcher
Gfx::Painter::set_transform	luce-browser-render	gfx	painter_set_transform_impl	Libraries/LibGfx/Painter.h:40	impl
Gfx::Painter::set_transform [dispatch]	luce-browser-render	gfx	painter_set_transform	Libraries/LibGfx/Painter.h:20	dispatcher
Gfx::Painter::stroke_path	luce-browser-render	gfx	painter_stroke_path_color_f32_f32_impl	Libraries/LibGfx/Painter.h:32	impl
Gfx::Painter::stroke_path	luce-browser-render	gfx	painter_stroke_path_color_f32_impl	Libraries/LibGfx/Painter.h:31	impl
Gfx::Painter::stroke_path	luce-browser-render	gfx	painter_stroke_path_paint_style_optional_filter_f32_f32_compositing_and_blending_opera_impl	Libraries/LibGfx/Painter.h:33	impl
Gfx::Painter::stroke_path	luce-browser-render	gfx	painter_stroke_path_paint_style_optional_filter_f32_f32_compositing_and_blending_opera_path_cap_style_impl	Libraries/LibGfx/Painter.h:34	impl
Gfx::Painter::stroke_path [dispatch]	luce-browser-render	gfx	painter_stroke_path_color_f32	Libraries/LibGfx/Painter.h:20	dispatcher
Gfx::Painter::stroke_path [dispatch]	luce-browser-render	gfx	painter_stroke_path_color_f32_f32	Libraries/LibGfx/Painter.h:20	dispatcher
Gfx::Painter::stroke_path [dispatch]	luce-browser-render	gfx	painter_stroke_path_paint_style_optional_filter_f32_f32_compositing_and_blending_opera	Libraries/LibGfx/Painter.h:20	dispatcher
Gfx::Painter::stroke_path [dispatch]	luce-browser-render	gfx	painter_stroke_path_paint_style_optional_filter_f32_f32_compositing_and_blending_opera_path_cap_style	Libraries/LibGfx/Painter.h:20	dispatcher
Gfx::PainterSkia::PainterSkia	luce-browser-render	gfx	painter_raster_create	PainterSkia.cpp:152	replaced
Gfx::PainterSkia::clear_rect	luce-browser-render	gfx	painter_raster_clear_rect_impl	PainterSkia.cpp:162	replaced
Gfx::PainterSkia::clip	luce-browser-render	gfx	painter_raster_clip_impl	PainterSkia.cpp:353	replaced
Gfx::PainterSkia::draw_bitmap	luce-browser-render	gfx	painter_raster_draw_bitmap_impl	PainterSkia.cpp:181	replaced
Gfx::PainterSkia::fill_path	luce-browser-render	gfx	painter_raster_fill_path_color_blurred_impl	PainterSkia.cpp:311	replaced
Gfx::PainterSkia::fill_path	luce-browser-render	gfx	painter_raster_fill_path_color_impl	PainterSkia.cpp:299	replaced
Gfx::PainterSkia::fill_path	luce-browser-render	gfx	painter_raster_fill_path_paint_style_impl	PainterSkia.cpp:325	replaced
Gfx::PainterSkia::fill_rect	luce-browser-render	gfx	painter_raster_fill_rect_impl	PainterSkia.cpp:172	replaced
Gfx::PainterSkia::reset	luce-browser-render	gfx	painter_raster_reset_impl	PainterSkia.cpp:365	replaced
Gfx::PainterSkia::restore	luce-browser-render	gfx	painter_raster_restore_impl	PainterSkia.cpp:346	replaced
Gfx::PainterSkia::save	luce-browser-render	gfx	painter_raster_save_impl	PainterSkia.cpp:339	replaced
Gfx::PainterSkia::set_transform	luce-browser-render	gfx	painter_raster_set_transform_impl	PainterSkia.cpp:205	replaced
Gfx::PainterSkia::stroke_path	luce-browser-render	gfx	painter_raster_stroke_path_color_impl	PainterSkia.cpp:217	replaced
Gfx::PainterSkia::stroke_path	luce-browser-render	gfx	painter_raster_stroke_path_color_styled_impl	PainterSkia.cpp:233	replaced
Gfx::PainterSkia::stroke_path	luce-browser-render	gfx	painter_raster_stroke_path_paint_style_impl	PainterSkia.cpp:257	replaced
Gfx::PainterSkia::stroke_path	luce-browser-render	gfx	painter_raster_stroke_path_paint_style_styled_impl	PainterSkia.cpp:276	replaced
Gfx::PaintingSurface	luce-browser-render	gfx	PaintingSurface	Libraries/LibGfx/PaintingSurface.h:34	struct
Gfx::PaintingSurface::Impl	luce-browser-render	gfx	PaintingSurfaceImpl	Libraries/LibGfx/PaintingSurface.cpp:28	opaque
Gfx::PaintingSurface::Origin	luce-browser-render	gfx	PaintingSurfaceOrigin	Libraries/LibGfx/PaintingSurface.h:36	enum
Gfx::PaintingSurface::PaintingSurface	luce-browser-render	gfx	painting_surface_construct	Libraries/LibGfx/PaintingSurface.cpp:151	construct
Gfx::PaintingSurface::canvas	luce-browser-render	gfx	painting_surface_canvas	Libraries/LibGfx/PaintingSurface.cpp:195	replaced
Gfx::PaintingSurface::create_from_shared_image_buffer	luce-browser-render	gfx	painting_surface_create_from_shared_image_buffer	Libraries/LibGfx/PaintingSurface.cpp:132	replaced
Gfx::PaintingSurface::create_with_size	luce-browser-render	gfx	painting_surface_create_with_size	Libraries/LibGfx/PaintingSurface.cpp:99	ported
Gfx::PaintingSurface::flush	luce-browser-render	gfx	painting_surface_flush	Libraries/LibGfx/PaintingSurface.cpp:223	ported
Gfx::PaintingSurface::lock_context	luce-browser-render	gfx	painting_surface_lock_context	Libraries/LibGfx/PaintingSurface.cpp:229	ported
Gfx::PaintingSurface::notify_content_will_change	luce-browser-render	gfx	painting_surface_notify_content_will_change	Libraries/LibGfx/PaintingSurface.cpp:205	ported
Gfx::PaintingSurface::read_into_bitmap	luce-browser-render	gfx	painting_surface_read_into_bitmap	Libraries/LibGfx/PaintingSurface.cpp:163	ported
Gfx::PaintingSurface::rect	luce-browser-render	gfx	painting_surface_rect	Libraries/LibGfx/PaintingSurface.cpp:190	ported
Gfx::PaintingSurface::size	luce-browser-render	gfx	painting_surface_size	Libraries/LibGfx/PaintingSurface.cpp:185	ported
Gfx::PaintingSurface::sk_image_snapshot	luce-browser-render	gfx	painting_surface_sk_image_snapshot_sk_sp	Libraries/LibGfx/PaintingSurface.cpp:213	replaced
Gfx::PaintingSurface::sk_surface	luce-browser-render	gfx	painting_surface_sk_surface	Libraries/LibGfx/PaintingSurface.cpp:200	replaced
Gfx::PaintingSurface::skia_backend_context	luce-browser-render	gfx	painting_surface_skia_backend_context	Libraries/LibGfx/PaintingSurface.cpp:218	ported
Gfx::PaintingSurface::unlock_context	luce-browser-render	gfx	painting_surface_unlock_context	Libraries/LibGfx/PaintingSurface.cpp:236	ported
Gfx::PaintingSurface::wrap_bitmap	luce-browser-render	gfx	painting_surface_wrap_bitmap	Libraries/LibGfx/PaintingSurface.cpp:121	ported
Gfx::PaintingSurface::write_from_bitmap	luce-browser-render	gfx	painting_surface_write_from_bitmap	Libraries/LibGfx/PaintingSurface.cpp:174	ported
Gfx::Palette	luce-browser-render	gfx	Palette	Libraries/LibGfx/Palette.h:58	struct
Gfx::Palette::Palette	luce-browser-render	gfx	palette_construct	Libraries/LibGfx/Palette.cpp:23	construct
Gfx::Palette::accent	luce-browser-render	gfx	palette_accent	Libraries/LibGfx/Palette.h:64	ported
Gfx::Palette::active_link	luce-browser-render	gfx	palette_active_link	Libraries/LibGfx/Palette.h:123	ported
Gfx::Palette::active_window_border1	luce-browser-render	gfx	palette_active_window_border1	Libraries/LibGfx/Palette.h:72	ported
Gfx::Palette::active_window_border2	luce-browser-render	gfx	palette_active_window_border2	Libraries/LibGfx/Palette.h:73	ported
Gfx::Palette::active_window_shadow_path	luce-browser-render	gfx	palette_active_window_shadow_path	Libraries/LibGfx/Palette.h:178	ported
Gfx::Palette::active_window_title	luce-browser-render	gfx	palette_active_window_title	Libraries/LibGfx/Palette.h:74	ported
Gfx::Palette::active_window_title_shadow	luce-browser-render	gfx	palette_active_window_title_shadow	Libraries/LibGfx/Palette.h:76	ported
Gfx::Palette::active_window_title_stripes	luce-browser-render	gfx	palette_active_window_title_stripes	Libraries/LibGfx/Palette.h:75	ported
Gfx::Palette::alignment	luce-browser-render	gfx	palette_alignment	Libraries/LibGfx/Palette.h:186	ported
Gfx::Palette::background	luce-browser-render	gfx	palette_background	Libraries/LibGfx/Palette.h:144	ported
Gfx::Palette::base	luce-browser-render	gfx	palette_base	Libraries/LibGfx/Palette.h:99	ported
Gfx::Palette::base_text	luce-browser-render	gfx	palette_base_text	Libraries/LibGfx/Palette.h:100	ported
Gfx::Palette::black	luce-browser-render	gfx	palette_black	Libraries/LibGfx/Palette.h:147	ported
Gfx::Palette::blue	luce-browser-render	gfx	palette_blue	Libraries/LibGfx/Palette.h:151	ported
Gfx::Palette::bold_text_as_bright	luce-browser-render	gfx	palette_bold_text_as_bright	Libraries/LibGfx/Palette.h:167	ported
Gfx::Palette::bright_black	luce-browser-render	gfx	palette_bright_black	Libraries/LibGfx/Palette.h:156	ported
Gfx::Palette::bright_blue	luce-browser-render	gfx	palette_bright_blue	Libraries/LibGfx/Palette.h:160	ported
Gfx::Palette::bright_cyan	luce-browser-render	gfx	palette_bright_cyan	Libraries/LibGfx/Palette.h:162	ported
Gfx::Palette::bright_green	luce-browser-render	gfx	palette_bright_green	Libraries/LibGfx/Palette.h:158	ported
Gfx::Palette::bright_magenta	luce-browser-render	gfx	palette_bright_magenta	Libraries/LibGfx/Palette.h:161	ported
Gfx::Palette::bright_red	luce-browser-render	gfx	palette_bright_red	Libraries/LibGfx/Palette.h:157	ported
Gfx::Palette::bright_white	luce-browser-render	gfx	palette_bright_white	Libraries/LibGfx/Palette.h:163	ported
Gfx::Palette::bright_yellow	luce-browser-render	gfx	palette_bright_yellow	Libraries/LibGfx/Palette.h:159	ported
Gfx::Palette::button	luce-browser-render	gfx	palette_button	Libraries/LibGfx/Palette.h:103	ported
Gfx::Palette::button_text	luce-browser-render	gfx	palette_button_text	Libraries/LibGfx/Palette.h:104	ported
Gfx::Palette::color	luce-browser-render	gfx	palette_color	Libraries/LibGfx/Palette.h:185	ported
Gfx::Palette::color_scheme_path	luce-browser-render	gfx	palette_color_scheme_path	Libraries/LibGfx/Palette.h:183	ported
Gfx::Palette::cyan	luce-browser-render	gfx	palette_cyan	Libraries/LibGfx/Palette.h:153	ported
Gfx::Palette::desktop_background	luce-browser-render	gfx	palette_desktop_background	Libraries/LibGfx/Palette.h:71	ported
Gfx::Palette::disabled_text_back	luce-browser-render	gfx	palette_disabled_text_back	Libraries/LibGfx/Palette.h:102	ported
Gfx::Palette::disabled_text_front	luce-browser-render	gfx	palette_disabled_text_front	Libraries/LibGfx/Palette.h:101	ported
Gfx::Palette::flag	luce-browser-render	gfx	palette_flag	Libraries/LibGfx/Palette.h:187	ported
Gfx::Palette::focus_outline	luce-browser-render	gfx	palette_focus_outline	Libraries/LibGfx/Palette.h:118	ported
Gfx::Palette::foreground	luce-browser-render	gfx	palette_foreground	Libraries/LibGfx/Palette.h:145	ported
Gfx::Palette::green	luce-browser-render	gfx	palette_green	Libraries/LibGfx/Palette.h:149	ported
Gfx::Palette::gutter	luce-browser-render	gfx	palette_gutter	Libraries/LibGfx/Palette.h:111	ported
Gfx::Palette::gutter_border	luce-browser-render	gfx	palette_gutter_border	Libraries/LibGfx/Palette.h:112	ported
Gfx::Palette::highlight_searching	luce-browser-render	gfx	palette_highlight_searching	Libraries/LibGfx/Palette.h:92	ported
Gfx::Palette::highlight_searching_text	luce-browser-render	gfx	palette_highlight_searching_text	Libraries/LibGfx/Palette.h:93	ported
Gfx::Palette::highlight_window_border1	luce-browser-render	gfx	palette_highlight_window_border1	Libraries/LibGfx/Palette.h:87	ported
Gfx::Palette::highlight_window_border2	luce-browser-render	gfx	palette_highlight_window_border2	Libraries/LibGfx/Palette.h:88	ported
Gfx::Palette::highlight_window_title	luce-browser-render	gfx	palette_highlight_window_title	Libraries/LibGfx/Palette.h:89	ported
Gfx::Palette::highlight_window_title_shadow	luce-browser-render	gfx	palette_highlight_window_title_shadow	Libraries/LibGfx/Palette.h:91	ported
Gfx::Palette::highlight_window_title_stripes	luce-browser-render	gfx	palette_highlight_window_title_stripes	Libraries/LibGfx/Palette.h:90	ported
Gfx::Palette::hover_highlight	luce-browser-render	gfx	palette_hover_highlight	Libraries/LibGfx/Palette.h:108	ported
Gfx::Palette::impl	luce-browser-render	gfx	palette_impl	Libraries/LibGfx/Palette.h:199	ported
Gfx::Palette::impl	luce-browser-render	gfx	palette_impl_const	Libraries/LibGfx/Palette.h:200	ported
Gfx::Palette::inactive_selection	luce-browser-render	gfx	palette_inactive_selection	Libraries/LibGfx/Palette.h:69	ported
Gfx::Palette::inactive_selection_text	luce-browser-render	gfx	palette_inactive_selection_text	Libraries/LibGfx/Palette.h:70	ported
Gfx::Palette::inactive_window_border1	luce-browser-render	gfx	palette_inactive_window_border1	Libraries/LibGfx/Palette.h:77	ported
Gfx::Palette::inactive_window_border2	luce-browser-render	gfx	palette_inactive_window_border2	Libraries/LibGfx/Palette.h:78	ported
Gfx::Palette::inactive_window_shadow_path	luce-browser-render	gfx	palette_inactive_window_shadow_path	Libraries/LibGfx/Palette.h:179	ported
Gfx::Palette::inactive_window_title	luce-browser-render	gfx	palette_inactive_window_title	Libraries/LibGfx/Palette.h:79	ported
Gfx::Palette::inactive_window_title_shadow	luce-browser-render	gfx	palette_inactive_window_title_shadow	Libraries/LibGfx/Palette.h:81	ported
Gfx::Palette::inactive_window_title_stripes	luce-browser-render	gfx	palette_inactive_window_title_stripes	Libraries/LibGfx/Palette.h:80	ported
Gfx::Palette::is_dark	luce-browser-render	gfx	palette_is_dark	Libraries/LibGfx/Palette.h:168	ported
Gfx::Palette::link	luce-browser-render	gfx	palette_link	Libraries/LibGfx/Palette.h:122	ported
Gfx::Palette::magenta	luce-browser-render	gfx	palette_magenta	Libraries/LibGfx/Palette.h:152	ported
Gfx::Palette::menu_base	luce-browser-render	gfx	palette_menu_base	Libraries/LibGfx/Palette.h:95	ported
Gfx::Palette::menu_base_text	luce-browser-render	gfx	palette_menu_base_text	Libraries/LibGfx/Palette.h:96	ported
Gfx::Palette::menu_selection	luce-browser-render	gfx	palette_menu_selection	Libraries/LibGfx/Palette.h:97	ported
Gfx::Palette::menu_selection_text	luce-browser-render	gfx	palette_menu_selection_text	Libraries/LibGfx/Palette.h:98	ported
Gfx::Palette::menu_shadow_path	luce-browser-render	gfx	palette_menu_shadow_path	Libraries/LibGfx/Palette.h:180	ported
Gfx::Palette::menu_stripe	luce-browser-render	gfx	palette_menu_stripe	Libraries/LibGfx/Palette.h:94	ported
Gfx::Palette::metric	luce-browser-render	gfx	palette_metric	Libraries/LibGfx/Palette.h:188	ported
Gfx::Palette::moving_window_border1	luce-browser-render	gfx	palette_moving_window_border1	Libraries/LibGfx/Palette.h:82	ported
Gfx::Palette::moving_window_border2	luce-browser-render	gfx	palette_moving_window_border2	Libraries/LibGfx/Palette.h:83	ported
Gfx::Palette::moving_window_title	luce-browser-render	gfx	palette_moving_window_title	Libraries/LibGfx/Palette.h:84	ported
Gfx::Palette::moving_window_title_shadow	luce-browser-render	gfx	palette_moving_window_title_shadow	Libraries/LibGfx/Palette.h:86	ported
Gfx::Palette::moving_window_title_stripes	luce-browser-render	gfx	palette_moving_window_title_stripes	Libraries/LibGfx/Palette.h:85	ported
Gfx::Palette::path	luce-browser-render	gfx	palette_path	Libraries/LibGfx/Palette.h:189	ported
Gfx::Palette::red	luce-browser-render	gfx	palette_red	Libraries/LibGfx/Palette.h:148	ported
Gfx::Palette::rubber_band_border	luce-browser-render	gfx	palette_rubber_band_border	Libraries/LibGfx/Palette.h:110	ported
Gfx::Palette::rubber_band_fill	luce-browser-render	gfx	palette_rubber_band_fill	Libraries/LibGfx/Palette.h:109	ported
Gfx::Palette::ruler	luce-browser-render	gfx	palette_ruler	Libraries/LibGfx/Palette.h:113	ported
Gfx::Palette::ruler_active_text	luce-browser-render	gfx	palette_ruler_active_text	Libraries/LibGfx/Palette.h:115	ported
Gfx::Palette::ruler_border	luce-browser-render	gfx	palette_ruler_border	Libraries/LibGfx/Palette.h:114	ported
Gfx::Palette::ruler_inactive_text	luce-browser-render	gfx	palette_ruler_inactive_text	Libraries/LibGfx/Palette.h:116	ported
Gfx::Palette::selection	luce-browser-render	gfx	palette_selection	Libraries/LibGfx/Palette.h:67	ported
Gfx::Palette::selection_text	luce-browser-render	gfx	palette_selection_text	Libraries/LibGfx/Palette.h:68	ported
Gfx::Palette::set_alignment	luce-browser-render	gfx	palette_set_alignment	Libraries/LibGfx/Palette.cpp:55	ported
Gfx::Palette::set_color	luce-browser-render	gfx	palette_set_color	Libraries/LibGfx/Palette.cpp:47	ported
Gfx::Palette::set_flag	luce-browser-render	gfx	palette_set_flag	Libraries/LibGfx/Palette.cpp:63	ported
Gfx::Palette::set_metric	luce-browser-render	gfx	palette_set_metric	Libraries/LibGfx/Palette.cpp:71	ported
Gfx::Palette::set_path	luce-browser-render	gfx	palette_set_path	Libraries/LibGfx/Palette.cpp:79	ported
Gfx::Palette::syntax_comment	luce-browser-render	gfx	palette_syntax_comment	Libraries/LibGfx/Palette.h:126	ported
Gfx::Palette::syntax_control_keyword	luce-browser-render	gfx	palette_syntax_control_keyword	Libraries/LibGfx/Palette.h:134	ported
Gfx::Palette::syntax_custom_type	luce-browser-render	gfx	palette_syntax_custom_type	Libraries/LibGfx/Palette.h:139	ported
Gfx::Palette::syntax_function	luce-browser-render	gfx	palette_syntax_function	Libraries/LibGfx/Palette.h:137	ported
Gfx::Palette::syntax_identifier	luce-browser-render	gfx	palette_syntax_identifier	Libraries/LibGfx/Palette.h:129	ported
Gfx::Palette::syntax_keyword	luce-browser-render	gfx	palette_syntax_keyword	Libraries/LibGfx/Palette.h:133	ported
Gfx::Palette::syntax_member	luce-browser-render	gfx	palette_syntax_member	Libraries/LibGfx/Palette.h:141	ported
Gfx::Palette::syntax_namespace	luce-browser-render	gfx	palette_syntax_namespace	Libraries/LibGfx/Palette.h:140	ported
Gfx::Palette::syntax_number	luce-browser-render	gfx	palette_syntax_number	Libraries/LibGfx/Palette.h:127	ported
Gfx::Palette::syntax_operator	luce-browser-render	gfx	palette_syntax_operator	Libraries/LibGfx/Palette.h:132	ported
Gfx::Palette::syntax_parameter	luce-browser-render	gfx	palette_syntax_parameter	Libraries/LibGfx/Palette.h:142	ported
Gfx::Palette::syntax_preprocessor_statement	luce-browser-render	gfx	palette_syntax_preprocessor_statement	Libraries/LibGfx/Palette.h:135	ported
Gfx::Palette::syntax_preprocessor_value	luce-browser-render	gfx	palette_syntax_preprocessor_value	Libraries/LibGfx/Palette.h:136	ported
Gfx::Palette::syntax_punctuation	luce-browser-render	gfx	palette_syntax_punctuation	Libraries/LibGfx/Palette.h:131	ported
Gfx::Palette::syntax_string	luce-browser-render	gfx	palette_syntax_string	Libraries/LibGfx/Palette.h:128	ported
Gfx::Palette::syntax_type	luce-browser-render	gfx	palette_syntax_type	Libraries/LibGfx/Palette.h:130	ported
Gfx::Palette::syntax_variable	luce-browser-render	gfx	palette_syntax_variable	Libraries/LibGfx/Palette.h:138	ported
Gfx::Palette::taskbar_shadow_path	luce-browser-render	gfx	palette_taskbar_shadow_path	Libraries/LibGfx/Palette.h:181	ported
Gfx::Palette::text_cursor	luce-browser-render	gfx	palette_text_cursor	Libraries/LibGfx/Palette.h:117	ported
Gfx::Palette::theme	luce-browser-render	gfx	palette_theme	Libraries/LibGfx/Palette.h:197	ported
Gfx::Palette::threed_highlight	luce-browser-render	gfx	palette_threed_highlight	Libraries/LibGfx/Palette.h:105	ported
Gfx::Palette::threed_shadow1	luce-browser-render	gfx	palette_threed_shadow1	Libraries/LibGfx/Palette.h:106	ported
Gfx::Palette::threed_shadow2	luce-browser-render	gfx	palette_threed_shadow2	Libraries/LibGfx/Palette.h:107	ported
Gfx::Palette::title_alignment	luce-browser-render	gfx	palette_title_alignment	Libraries/LibGfx/Palette.h:165	ported
Gfx::Palette::title_button_icons_path	luce-browser-render	gfx	palette_title_button_icons_path	Libraries/LibGfx/Palette.h:177	ported
Gfx::Palette::title_buttons_icon_only	luce-browser-render	gfx	palette_title_buttons_icon_only	Libraries/LibGfx/Palette.h:169	ported
Gfx::Palette::tooltip_shadow_path	luce-browser-render	gfx	palette_tooltip_shadow_path	Libraries/LibGfx/Palette.h:182	ported
Gfx::Palette::tray	luce-browser-render	gfx	palette_tray	Libraries/LibGfx/Palette.h:119	ported
Gfx::Palette::tray_text	luce-browser-render	gfx	palette_tray_text	Libraries/LibGfx/Palette.h:120	ported
Gfx::Palette::visited_link	luce-browser-render	gfx	palette_visited_link	Libraries/LibGfx/Palette.h:124	ported
Gfx::Palette::white	luce-browser-render	gfx	palette_white	Libraries/LibGfx/Palette.h:154	ported
Gfx::Palette::window	luce-browser-render	gfx	palette_window	Libraries/LibGfx/Palette.h:65	ported
Gfx::Palette::window_border_radius	luce-browser-render	gfx	palette_window_border_radius	Libraries/LibGfx/Palette.h:172	ported
Gfx::Palette::window_border_thickness	luce-browser-render	gfx	palette_window_border_thickness	Libraries/LibGfx/Palette.h:171	ported
Gfx::Palette::window_text	luce-browser-render	gfx	palette_window_text	Libraries/LibGfx/Palette.h:66	ported
Gfx::Palette::window_title_button_height	luce-browser-render	gfx	palette_window_title_button_height	Libraries/LibGfx/Palette.h:175	ported
Gfx::Palette::window_title_button_width	luce-browser-render	gfx	palette_window_title_button_width	Libraries/LibGfx/Palette.h:174	ported
Gfx::Palette::window_title_height	luce-browser-render	gfx	palette_window_title_height	Libraries/LibGfx/Palette.h:173	ported
Gfx::Palette::yellow	luce-browser-render	gfx	palette_yellow	Libraries/LibGfx/Palette.h:150	ported
Gfx::PaletteImpl	luce-browser-render	gfx	PaletteImpl	Libraries/LibGfx/Palette.h:19	struct
Gfx::PaletteImpl::PaletteImpl	luce-browser-render	gfx	palette_impl_construct	Libraries/LibGfx/Palette.cpp:18	construct
Gfx::PaletteImpl::alignment	luce-browser-render	gfx	palette_impl_alignment	Libraries/LibGfx/Palette.h:34	ported
Gfx::PaletteImpl::clone	luce-browser-render	gfx	palette_impl_clone	Libraries/LibGfx/Palette.cpp:40	ported
Gfx::PaletteImpl::color	luce-browser-render	gfx	palette_impl_color	Libraries/LibGfx/Palette.h:28	ported
Gfx::PaletteImpl::create_with_anonymous_buffer	luce-browser-render	gfx	palette_impl_create_with_anonymous_buffer	Libraries/LibGfx/Palette.cpp:13	ported
Gfx::PaletteImpl::flag	luce-browser-render	gfx	palette_impl_flag	Libraries/LibGfx/Palette.h:40	ported
Gfx::PaletteImpl::metric	luce-browser-render	gfx	palette_impl_metric	Libraries/LibGfx/Palette.cpp:28	ported
Gfx::PaletteImpl::path	luce-browser-render	gfx	palette_impl_path	Libraries/LibGfx/Palette.cpp:34	ported
Gfx::PaletteImpl::replace_internal_buffer	luce-browser-render	gfx	palette_impl_replace_internal_buffer	Libraries/LibGfx/Palette.cpp:88	ported
Gfx::PaletteImpl::theme	luce-browser-render	gfx	palette_impl_theme	Libraries/LibGfx/Palette.h:48	ported
Gfx::Path	luce-browser-render	gfx	Path	Libraries/LibGfx/Path.h:56	struct
Gfx::Path::CapStyle	luce-browser-render	gfx	PathCapStyle	Libraries/LibGfx/Path.h:80	enum
Gfx::Path::JoinStyle	luce-browser-render	gfx	PathJoinStyle	Libraries/LibGfx/Path.h:86	enum
Gfx::Path::Path	luce-browser-render	web_fonts	path_construct	Libraries/LibGfx/Path.h:126	construct
Gfx::Path::append_path	luce-browser-render	gfx	path_append_path	Libraries/LibGfx/Path.h:104	ported
Gfx::Path::arc_to	luce-browser-render	gfx	path_arc_to	Libraries/LibGfx/Path.h:93	ported
Gfx::Path::bounding_box	luce-browser-render	gfx	path_bounding_box	Libraries/LibGfx/Path.h:109	ported
Gfx::Path::clear	luce-browser-render	gfx	path_clear	Libraries/LibGfx/Path.h:75	ported
Gfx::Path::clone	luce-browser-render	gfx	path_clone	Libraries/LibGfx/Path.h:113	ported
Gfx::Path::close	luce-browser-render	gfx	path_close	Libraries/LibGfx/Path.h:78	ported
Gfx::Path::contains	luce-browser-render	gfx	path_contains	Libraries/LibGfx/Path.h:110	ported
Gfx::Path::copy_transformed	luce-browser-render	gfx	path_copy_transformed	Libraries/LibGfx/Path.h:114	ported
Gfx::Path::cubic_bezier_curve_to	luce-browser-render	gfx	path_cubic_bezier_curve_to	Libraries/LibGfx/Path.h:95	ported
Gfx::Path::elliptical_arc_to	luce-browser-render	gfx	path_elliptical_arc_to	Libraries/LibGfx/Path.h:92	ported
Gfx::Path::glyph_run	luce-browser-render	web_fonts	path_glyph_run	Libraries/LibGfx/Path.h:98	ported
Gfx::Path::horizontal_line_to	luce-browser-render	gfx	path_horizontal_line_to	Libraries/LibGfx/Path.h:101	ported
Gfx::Path::impl	luce-browser-render	web_fonts	path_impl	Libraries/LibGfx/Path.h:122	replaced
Gfx::Path::impl	luce-browser-render	web_fonts	path_impl_const	Libraries/LibGfx/Path.h:123	replaced
Gfx::Path::intersect	luce-browser-render	gfx	path_intersect	Libraries/LibGfx/Path.h:105	ported
Gfx::Path::is_empty	luce-browser-render	gfx	path_is_empty	Libraries/LibGfx/Path.h:107	ported
Gfx::Path::last_point	luce-browser-render	gfx	path_last_point	Libraries/LibGfx/Path.h:108	ported
Gfx::Path::line_to	luce-browser-render	gfx	path_line_to	Libraries/LibGfx/Path.h:77	ported
Gfx::Path::move_to	luce-browser-render	gfx	path_move_to	Libraries/LibGfx/Path.h:76	ported
Gfx::Path::offset	luce-browser-render	gfx	path_offset	Libraries/LibGfx/Path.h:99	ported
Gfx::Path::place_text_along	luce-browser-render	web_fonts	path_place_text_along_utf16_view	Libraries/LibGfx/Path.h:116	ported
Gfx::Path::place_text_along	luce-browser-render	web_fonts	path_place_text_along_utf8_view	Libraries/LibGfx/Path.h:115	ported
Gfx::Path::quadratic_bezier_curve_to	luce-browser-render	gfx	path_quadratic_bezier_curve_to	Libraries/LibGfx/Path.h:94	ported
Gfx::Path::set_fill_type	luce-browser-render	gfx	path_set_fill_type	Libraries/LibGfx/Path.h:111	ported
Gfx::Path::text	luce-browser-render	web_fonts	path_text_utf16_view	Libraries/LibGfx/Path.h:97	ported
Gfx::Path::text	luce-browser-render	web_fonts	path_text_utf8_view	Libraries/LibGfx/Path.h:96	ported
Gfx::Path::to_svg_string	luce-browser-render	gfx	path_to_svg_string	Libraries/LibGfx/Path.h:118	ported
Gfx::Path::transform	luce-browser-render	gfx	path_transform	Libraries/LibGfx/Path.h:120	ported
Gfx::Path::vertical_line_to	luce-browser-render	gfx	path_vertical_line_to	Libraries/LibGfx/Path.h:102	ported
Gfx::PathFontProvider	luce-browser-render	web_fonts	PathFontProvider	Libraries/LibGfx/Font/PathFontProvider.h:17	struct
Gfx::PathFontProvider [default member initializers]	luce-browser-render	web_fonts	path_font_provider_init_fields	Libraries/LibGfx/Font/PathFontProvider.h:17	init fields
Gfx::PathFontProvider::PathFontProvider	luce-browser-render	web_fonts	path_font_provider_construct	Libraries/LibGfx/Font/PathFontProvider.cpp:18	construct
Gfx::PathFontProvider::for_each_typeface_with_family_name	luce-browser-render	web_fonts	path_font_provider_for_each_typeface_with_family_name_impl	Libraries/LibGfx/Font/PathFontProvider.cpp:144	impl
Gfx::PathFontProvider::get_font	luce-browser-render	web_fonts	path_font_provider_get_font_impl	Libraries/LibGfx/Font/PathFontProvider.cpp:81	impl
Gfx::PathFontProvider::load_all_fonts_from_uri	luce-browser-render	web_fonts	path_font_provider_load_all_fonts_from_uri	Libraries/LibGfx/Font/PathFontProvider.cpp:42	ported
Gfx::PathFontProvider::name	luce-browser-render	web_fonts	path_font_provider_name_impl	Libraries/LibGfx/Font/PathFontProvider.h:31	impl
Gfx::PathFontProvider::set_name_but_fixme_should_create_custom_system_font_provider	luce-browser-render	web_fonts	path_font_provider_set_name_but_fixme_should_create_custom_system_font_provider	Libraries/LibGfx/Font/PathFontProvider.h:25	ported
Gfx::PathImpl	luce-browser-render	web_fonts	PathImpl	Libraries/LibGfx/Path.h:20	struct
Gfx::PathImpl::append_path	luce-browser-render	web_fonts	path_impl_append_path_impl	Libraries/LibGfx/Path.h:39	impl
Gfx::PathImpl::append_path [dispatch]	luce-browser-render	web_fonts	path_impl_append_path	Libraries/LibGfx/Path.h:20	dispatcher
Gfx::PathImpl::arc_to	luce-browser-render	web_fonts	path_impl_arc_to_impl	Libraries/LibGfx/Path.h:31	impl
Gfx::PathImpl::arc_to [dispatch]	luce-browser-render	web_fonts	path_impl_arc_to	Libraries/LibGfx/Path.h:20	dispatcher
Gfx::PathImpl::bounding_box	luce-browser-render	web_fonts	path_impl_bounding_box_impl	Libraries/LibGfx/Path.h:44	impl
Gfx::PathImpl::bounding_box [dispatch]	luce-browser-render	web_fonts	path_impl_bounding_box	Libraries/LibGfx/Path.h:20	dispatcher
Gfx::PathImpl::clear	luce-browser-render	web_fonts	path_impl_clear_impl	Libraries/LibGfx/Path.h:26	impl
Gfx::PathImpl::clear [dispatch]	luce-browser-render	web_fonts	path_impl_clear	Libraries/LibGfx/Path.h:20	dispatcher
Gfx::PathImpl::clone	luce-browser-render	web_fonts	path_impl_clone_impl	Libraries/LibGfx/Path.h:48	impl
Gfx::PathImpl::clone [dispatch]	luce-browser-render	web_fonts	path_impl_clone	Libraries/LibGfx/Path.h:20	dispatcher
Gfx::PathImpl::close	luce-browser-render	web_fonts	path_impl_close_impl	Libraries/LibGfx/Path.h:29	impl
Gfx::PathImpl::close [dispatch]	luce-browser-render	web_fonts	path_impl_close	Libraries/LibGfx/Path.h:20	dispatcher
Gfx::PathImpl::contains	luce-browser-render	web_fonts	path_impl_contains_impl	Libraries/LibGfx/Path.h:46	impl
Gfx::PathImpl::contains [dispatch]	luce-browser-render	web_fonts	path_impl_contains	Libraries/LibGfx/Path.h:20	dispatcher
Gfx::PathImpl::copy_transformed	luce-browser-render	web_fonts	path_impl_copy_transformed_impl	Libraries/LibGfx/Path.h:49	impl
Gfx::PathImpl::copy_transformed [dispatch]	luce-browser-render	web_fonts	path_impl_copy_transformed	Libraries/LibGfx/Path.h:20	dispatcher
Gfx::PathImpl::create	luce-browser-render	web_fonts	path_impl_create	Libraries/LibGfx/Path.cpp:12	replaced
Gfx::PathImpl::cubic_bezier_curve_to	luce-browser-render	web_fonts	path_impl_cubic_bezier_curve_to_impl	Libraries/LibGfx/Path.h:33	impl
Gfx::PathImpl::cubic_bezier_curve_to [dispatch]	luce-browser-render	web_fonts	path_impl_cubic_bezier_curve_to	Libraries/LibGfx/Path.h:20	dispatcher
Gfx::PathImpl::elliptical_arc_to	luce-browser-render	web_fonts	path_impl_elliptical_arc_to_impl	Libraries/LibGfx/Path.h:30	impl
Gfx::PathImpl::elliptical_arc_to [dispatch]	luce-browser-render	web_fonts	path_impl_elliptical_arc_to	Libraries/LibGfx/Path.h:20	dispatcher
Gfx::PathImpl::glyph_run	luce-browser-render	web_fonts	path_impl_glyph_run_impl	Libraries/LibGfx/Path.h:36	impl
Gfx::PathImpl::glyph_run [dispatch]	luce-browser-render	web_fonts	path_impl_glyph_run	Libraries/LibGfx/Path.h:20	dispatcher
Gfx::PathImpl::intersect	luce-browser-render	web_fonts	path_impl_intersect_impl	Libraries/LibGfx/Path.h:40	impl
Gfx::PathImpl::intersect [dispatch]	luce-browser-render	web_fonts	path_impl_intersect	Libraries/LibGfx/Path.h:20	dispatcher
Gfx::PathImpl::is_empty	luce-browser-render	web_fonts	path_impl_is_empty_impl	Libraries/LibGfx/Path.h:42	impl
Gfx::PathImpl::is_empty [dispatch]	luce-browser-render	web_fonts	path_impl_is_empty	Libraries/LibGfx/Path.h:20	dispatcher
Gfx::PathImpl::last_point	luce-browser-render	web_fonts	path_impl_last_point_impl	Libraries/LibGfx/Path.h:43	impl
Gfx::PathImpl::last_point [dispatch]	luce-browser-render	web_fonts	path_impl_last_point	Libraries/LibGfx/Path.h:20	dispatcher
Gfx::PathImpl::line_to	luce-browser-render	web_fonts	path_impl_line_to_impl	Libraries/LibGfx/Path.h:28	impl
Gfx::PathImpl::line_to [dispatch]	luce-browser-render	web_fonts	path_impl_line_to	Libraries/LibGfx/Path.h:20	dispatcher
Gfx::PathImpl::move_to	luce-browser-render	web_fonts	path_impl_move_to_impl	Libraries/LibGfx/Path.h:27	impl
Gfx::PathImpl::move_to [dispatch]	luce-browser-render	web_fonts	path_impl_move_to	Libraries/LibGfx/Path.h:20	dispatcher
Gfx::PathImpl::offset	luce-browser-render	web_fonts	path_impl_offset_impl	Libraries/LibGfx/Path.h:37	impl
Gfx::PathImpl::offset [dispatch]	luce-browser-render	web_fonts	path_impl_offset	Libraries/LibGfx/Path.h:20	dispatcher
Gfx::PathImpl::place_text_along	luce-browser-render	web_fonts	path_impl_place_text_along_utf16_view_impl	Libraries/LibGfx/Path.h:51	impl
Gfx::PathImpl::place_text_along	luce-browser-render	web_fonts	path_impl_place_text_along_utf8_view_impl	Libraries/LibGfx/Path.h:50	impl
Gfx::PathImpl::place_text_along [dispatch]	luce-browser-render	web_fonts	path_impl_place_text_along_utf16_view	Libraries/LibGfx/Path.h:20	dispatcher
Gfx::PathImpl::place_text_along [dispatch]	luce-browser-render	web_fonts	path_impl_place_text_along_utf8_view	Libraries/LibGfx/Path.h:20	dispatcher
Gfx::PathImpl::quadratic_bezier_curve_to	luce-browser-render	web_fonts	path_impl_quadratic_bezier_curve_to_impl	Libraries/LibGfx/Path.h:32	impl
Gfx::PathImpl::quadratic_bezier_curve_to [dispatch]	luce-browser-render	web_fonts	path_impl_quadratic_bezier_curve_to	Libraries/LibGfx/Path.h:20	dispatcher
Gfx::PathImpl::set_fill_type	luce-browser-render	web_fonts	path_impl_set_fill_type_impl	Libraries/LibGfx/Path.h:45	impl
Gfx::PathImpl::set_fill_type [dispatch]	luce-browser-render	web_fonts	path_impl_set_fill_type	Libraries/LibGfx/Path.h:20	dispatcher
Gfx::PathImpl::text	luce-browser-render	web_fonts	path_impl_text_utf16_view_impl	Libraries/LibGfx/Path.h:35	impl
Gfx::PathImpl::text	luce-browser-render	web_fonts	path_impl_text_utf8_view_impl	Libraries/LibGfx/Path.h:34	impl
Gfx::PathImpl::text [dispatch]	luce-browser-render	web_fonts	path_impl_text_utf16_view	Libraries/LibGfx/Path.h:20	dispatcher
Gfx::PathImpl::text [dispatch]	luce-browser-render	web_fonts	path_impl_text_utf8_view	Libraries/LibGfx/Path.h:20	dispatcher
Gfx::PathImpl::to_svg_string	luce-browser-render	web_fonts	path_impl_to_svg_string_impl	Libraries/LibGfx/Path.h:53	impl
Gfx::PathImpl::to_svg_string [dispatch]	luce-browser-render	web_fonts	path_impl_to_svg_string	Libraries/LibGfx/Path.h:20	dispatcher
Gfx::PathImplSkia::PathImplSkia(PathImplSkia	luce-browser-render	gfx	path_impl_raster_clone	PathSkia.cpp:35	replaced
Gfx::PathImplSkia::append_path	luce-browser-render	gfx	path_impl_raster_append_path	PathSkia.cpp:207	replaced
Gfx::PathImplSkia::arc_to	luce-browser-render	gfx	path_impl_raster_arc_to	PathSkia.cpp:76	replaced
Gfx::PathImplSkia::bounding_box	luce-browser-render	gfx	path_impl_raster_bounding_box	PathSkia.cpp:230	replaced
Gfx::PathImplSkia::clear	luce-browser-render	gfx	path_impl_raster_clear	PathSkia.cpp:43	replaced
Gfx::PathImplSkia::close	luce-browser-render	gfx	path_impl_raster_close	PathSkia.cpp:59	replaced
Gfx::PathImplSkia::contains	luce-browser-render	gfx	path_impl_raster_contains	PathSkia.cpp:236	replaced
Gfx::PathImplSkia::copy_transformed	luce-browser-render	gfx	path_impl_raster_copy_transformed	PathSkia.cpp:253	replaced
Gfx::PathImplSkia::create	luce-browser-render	gfx	path_impl_raster_create	PathSkia.cpp:25	replaced
Gfx::PathImplSkia::cubic_bezier_curve_to	luce-browser-render	gfx	path_impl_raster_cubic_bezier_curve_to	PathSkia.cpp:90	replaced
Gfx::PathImplSkia::elliptical_arc_to	luce-browser-render	gfx	path_impl_raster_elliptical_arc_to	PathSkia.cpp:65	replaced
Gfx::PathImplSkia::intersect	luce-browser-render	gfx	path_impl_raster_intersect	PathSkia.cpp:212	replaced
Gfx::PathImplSkia::is_empty	luce-browser-render	gfx	path_impl_raster_is_empty	PathSkia.cpp:217	replaced
Gfx::PathImplSkia::last_point	luce-browser-render	gfx	path_impl_raster_last_point	PathSkia.cpp:222	replaced
Gfx::PathImplSkia::line_to	luce-browser-render	gfx	path_impl_raster_line_to	PathSkia.cpp:54	replaced
Gfx::PathImplSkia::move_to	luce-browser-render	gfx	path_impl_raster_move_to	PathSkia.cpp:48	replaced
Gfx::PathImplSkia::offset	luce-browser-render	gfx	path_impl_raster_offset	PathSkia.cpp:131	replaced
Gfx::PathImplSkia::quadratic_bezier_curve_to	luce-browser-render	gfx	path_impl_raster_quadratic_bezier_curve_to	PathSkia.cpp:85	replaced
Gfx::PathImplSkia::set_fill_type	luce-browser-render	gfx	path_impl_raster_set_fill_type	PathSkia.cpp:243	replaced
Gfx::PathImplSkia::to_svg_string	luce-browser-render	gfx	path_impl_raster_to_svg_string	PathSkia.cpp:259	replaced
Gfx::PathRole	luce-browser-render	gfx	PathRole	Libraries/LibGfx/SystemTheme.h:256	enum
Gfx::Point	luce-browser-render	gfx	Point	Libraries/LibGfx/Point.h:20	opaque
Gfx::Point::Point<T> [CssPixelPoint]	luce-browser-render	gfx	css_pixel_point_construct	Libraries/LibGfx/Point.h:24	construct
Gfx::Point::Point<T> [CssPixelPoint]	luce-browser-render	gfx	css_pixel_point_construct_int	Libraries/LibGfx/Point.h:31	ported
Gfx::Point::Point<T> [FloatPoint]	luce-browser-render	gfx	float_point_construct	Libraries/LibGfx/Point.h:24	construct
Gfx::Point::Point<T> [FloatPoint]	luce-browser-render	gfx	float_point_construct_i32	Libraries/LibGfx/Point.h:31	ported
Gfx::Point::Point<T> [IntPoint]	luce-browser-render	gfx	int_point_construct	Libraries/LibGfx/Point.h:24	construct
Gfx::Point::Point<T> [IntPoint]	luce-browser-render	gfx	int_point_construct_f32	Libraries/LibGfx/Point.h:31	ported
Gfx::Point::Point<T><CSSPixels> [FloatPoint]	luce-browser-render	gfx	float_point_to_type_css_pixels	Libraries/LibGfx/Point.h:38	ported
Gfx::Point::Point<T><CSSPixels> [IntPoint]	luce-browser-render	gfx	int_point_to_type_css_pixels	Libraries/LibGfx/Point.h:38	ported
Gfx::Point::Point<T><float> [CssPixelPoint]	luce-browser-render	gfx	css_pixel_point_to_type_f32	Libraries/LibGfx/Point.h:38	ported
Gfx::Point::Point<T><float> [IntPoint]	luce-browser-render	gfx	int_point_to_type_f32	Libraries/LibGfx/Point.h:38	ported
Gfx::Point::Point<T><int> [CssPixelPoint]	luce-browser-render	gfx	css_pixel_point_to_type_i32	Libraries/LibGfx/Point.h:38	ported
Gfx::Point::Point<T><int> [FloatPoint]	luce-browser-render	gfx	float_point_to_type_i32	Libraries/LibGfx/Point.h:38	ported
Gfx::Point::absolute_relative_distance_to [CssPixelPoint]	luce-browser-render	gfx	css_pixel_point_absolute_relative_distance_to	Libraries/LibGfx/Point.h:220	dropped
Gfx::Point::absolute_relative_distance_to [FloatPoint]	luce-browser-render	gfx	float_point_absolute_relative_distance_to	Libraries/LibGfx/Point.h:220	ported
Gfx::Point::absolute_relative_distance_to [IntPoint]	luce-browser-render	gfx	int_point_absolute_relative_distance_to	Libraries/LibGfx/Point.h:220	ported
Gfx::Point::constrain [CssPixelPoint]	luce-browser-render	gfx	css_pixel_point_constrain	Libraries/LibGfx/Point.cpp:16	dropped
Gfx::Point::constrain [FloatPoint]	luce-browser-render	gfx	float_point_constrain	Libraries/LibGfx/Point.cpp:16	ported
Gfx::Point::constrain [IntPoint]	luce-browser-render	gfx	int_point_constrain	Libraries/LibGfx/Point.cpp:16	ported
Gfx::Point::constrained [CssPixelPoint]	luce-browser-render	gfx	css_pixel_point_constrained	Libraries/LibGfx/Point.h:113	dropped
Gfx::Point::constrained [FloatPoint]	luce-browser-render	gfx	float_point_constrained	Libraries/LibGfx/Point.h:113	ported
Gfx::Point::constrained [IntPoint]	luce-browser-render	gfx	int_point_constrained	Libraries/LibGfx/Point.h:113	ported
Gfx::Point::distance_from [CssPixelPoint]	luce-browser-render	gfx	css_pixel_point_distance_from	Libraries/LibGfx/Point.h:213	dropped
Gfx::Point::distance_from [FloatPoint]	luce-browser-render	gfx	float_point_distance_from	Libraries/LibGfx/Point.h:213	ported
Gfx::Point::distance_from [IntPoint]	luce-browser-render	gfx	int_point_distance_from	Libraries/LibGfx/Point.h:213	ported
Gfx::Point::dx_relative_to [CssPixelPoint]	luce-browser-render	gfx	css_pixel_point_dx_relative_to	Libraries/LibGfx/Point.h:197	ported
Gfx::Point::dx_relative_to [FloatPoint]	luce-browser-render	gfx	float_point_dx_relative_to	Libraries/LibGfx/Point.h:197	ported
Gfx::Point::dx_relative_to [IntPoint]	luce-browser-render	gfx	int_point_dx_relative_to	Libraries/LibGfx/Point.h:197	ported
Gfx::Point::dy_relative_to [CssPixelPoint]	luce-browser-render	gfx	css_pixel_point_dy_relative_to	Libraries/LibGfx/Point.h:202	ported
Gfx::Point::dy_relative_to [FloatPoint]	luce-browser-render	gfx	float_point_dy_relative_to	Libraries/LibGfx/Point.h:202	ported
Gfx::Point::dy_relative_to [IntPoint]	luce-browser-render	gfx	int_point_dy_relative_to	Libraries/LibGfx/Point.h:202	ported
Gfx::Point::end_point_for_aspect_ratio [CssPixelPoint]	luce-browser-render	gfx	css_pixel_point_end_point_for_aspect_ratio	Libraries/LibGfx/Point.cpp:23	dropped
Gfx::Point::end_point_for_aspect_ratio [FloatPoint]	luce-browser-render	gfx	float_point_end_point_for_aspect_ratio	Libraries/LibGfx/Point.cpp:23	ported
Gfx::Point::end_point_for_aspect_ratio [IntPoint]	luce-browser-render	gfx	int_point_end_point_for_aspect_ratio	Libraries/LibGfx/Point.cpp:23	ported
Gfx::Point::is_zero [CssPixelPoint]	luce-browser-render	gfx	css_pixel_point_is_zero	Libraries/LibGfx/Point.h:50	ported
Gfx::Point::is_zero [FloatPoint]	luce-browser-render	gfx	float_point_is_zero	Libraries/LibGfx/Point.h:50	ported
Gfx::Point::is_zero [IntPoint]	luce-browser-render	gfx	int_point_is_zero	Libraries/LibGfx/Point.h:50	ported
Gfx::Point::moved_down [CssPixelPoint]	luce-browser-render	gfx	css_pixel_point_moved_down	Libraries/LibGfx/Point.h:123	ported
Gfx::Point::moved_down [FloatPoint]	luce-browser-render	gfx	float_point_moved_down	Libraries/LibGfx/Point.h:123	ported
Gfx::Point::moved_down [IntPoint]	luce-browser-render	gfx	int_point_moved_down	Libraries/LibGfx/Point.h:123	ported
Gfx::Point::moved_left [CssPixelPoint]	luce-browser-render	gfx	css_pixel_point_moved_left	Libraries/LibGfx/Point.h:120	ported
Gfx::Point::moved_left [FloatPoint]	luce-browser-render	gfx	float_point_moved_left	Libraries/LibGfx/Point.h:120	ported
Gfx::Point::moved_left [IntPoint]	luce-browser-render	gfx	int_point_moved_left	Libraries/LibGfx/Point.h:120	ported
Gfx::Point::moved_right [CssPixelPoint]	luce-browser-render	gfx	css_pixel_point_moved_right	Libraries/LibGfx/Point.h:121	ported
Gfx::Point::moved_right [FloatPoint]	luce-browser-render	gfx	float_point_moved_right	Libraries/LibGfx/Point.h:121	ported
Gfx::Point::moved_right [IntPoint]	luce-browser-render	gfx	int_point_moved_right	Libraries/LibGfx/Point.h:121	ported
Gfx::Point::moved_up [CssPixelPoint]	luce-browser-render	gfx	css_pixel_point_moved_up	Libraries/LibGfx/Point.h:122	ported
Gfx::Point::moved_up [FloatPoint]	luce-browser-render	gfx	float_point_moved_up	Libraries/LibGfx/Point.h:122	ported
Gfx::Point::moved_up [IntPoint]	luce-browser-render	gfx	int_point_moved_up	Libraries/LibGfx/Point.h:122	ported
Gfx::Point::operator* [CssPixelPoint]	luce-browser-render	gfx	css_pixel_point_mul	Libraries/LibGfx/Point.h:151	ported
Gfx::Point::operator* [FloatPoint]	luce-browser-render	gfx	float_point_mul	Libraries/LibGfx/Point.h:151	ported
Gfx::Point::operator* [IntPoint]	luce-browser-render	gfx	int_point_mul	Libraries/LibGfx/Point.h:151	ported
Gfx::Point::operator*= [CssPixelPoint]	luce-browser-render	gfx	css_pixel_point_mul_assign	Libraries/LibGfx/Point.h:153	ported
Gfx::Point::operator*= [FloatPoint]	luce-browser-render	gfx	float_point_mul_assign	Libraries/LibGfx/Point.h:153	ported
Gfx::Point::operator*= [IntPoint]	luce-browser-render	gfx	int_point_mul_assign	Libraries/LibGfx/Point.h:153	ported
Gfx::Point::operator+ [CssPixelPoint]	luce-browser-render	gfx	css_pixel_point_add	Libraries/LibGfx/Point.h:131	ported
Gfx::Point::operator+ [FloatPoint]	luce-browser-render	gfx	float_point_add	Libraries/LibGfx/Point.h:131	ported
Gfx::Point::operator+ [IntPoint]	luce-browser-render	gfx	int_point_add	Libraries/LibGfx/Point.h:131	ported
Gfx::Point::operator+= [CssPixelPoint]	luce-browser-render	gfx	css_pixel_point_add_assign	Libraries/LibGfx/Point.h:133	ported
Gfx::Point::operator+= [FloatPoint]	luce-browser-render	gfx	float_point_add_assign	Libraries/LibGfx/Point.h:133	ported
Gfx::Point::operator+= [IntPoint]	luce-browser-render	gfx	int_point_add_assign	Libraries/LibGfx/Point.h:133	ported
Gfx::Point::operator- [CssPixelPoint]	luce-browser-render	gfx	css_pixel_point_neg	Libraries/LibGfx/Point.h:140	ported
Gfx::Point::operator- [CssPixelPoint]	luce-browser-render	gfx	css_pixel_point_sub	Libraries/LibGfx/Point.h:142	ported
Gfx::Point::operator- [FloatPoint]	luce-browser-render	gfx	float_point_neg	Libraries/LibGfx/Point.h:140	ported
Gfx::Point::operator- [FloatPoint]	luce-browser-render	gfx	float_point_sub	Libraries/LibGfx/Point.h:142	ported
Gfx::Point::operator- [IntPoint]	luce-browser-render	gfx	int_point_neg	Libraries/LibGfx/Point.h:140	ported
Gfx::Point::operator- [IntPoint]	luce-browser-render	gfx	int_point_sub	Libraries/LibGfx/Point.h:142	ported
Gfx::Point::operator-= [CssPixelPoint]	luce-browser-render	gfx	css_pixel_point_sub_assign	Libraries/LibGfx/Point.h:144	ported
Gfx::Point::operator-= [FloatPoint]	luce-browser-render	gfx	float_point_sub_assign	Libraries/LibGfx/Point.h:144	ported
Gfx::Point::operator-= [IntPoint]	luce-browser-render	gfx	int_point_sub_assign	Libraries/LibGfx/Point.h:144	ported
Gfx::Point::operator/ [CssPixelPoint]	luce-browser-render	gfx	css_pixel_point_div	Libraries/LibGfx/Point.h:160	ported
Gfx::Point::operator/ [FloatPoint]	luce-browser-render	gfx	float_point_div	Libraries/LibGfx/Point.h:160	ported
Gfx::Point::operator/ [IntPoint]	luce-browser-render	gfx	int_point_div	Libraries/LibGfx/Point.h:160	ported
Gfx::Point::operator/= [CssPixelPoint]	luce-browser-render	gfx	css_pixel_point_div_assign	Libraries/LibGfx/Point.h:162	ported
Gfx::Point::operator/= [FloatPoint]	luce-browser-render	gfx	float_point_div_assign	Libraries/LibGfx/Point.h:162	ported
Gfx::Point::operator/= [IntPoint]	luce-browser-render	gfx	int_point_div_assign	Libraries/LibGfx/Point.h:162	ported
Gfx::Point::operator== [CssPixelPoint]	luce-browser-render	gfx	css_pixel_point_eq	Libraries/LibGfx/Point.h:126	ported
Gfx::Point::operator== [FloatPoint]	luce-browser-render	gfx	float_point_eq	Libraries/LibGfx/Point.h:126	ported
Gfx::Point::operator== [IntPoint]	luce-browser-render	gfx	int_point_eq	Libraries/LibGfx/Point.h:126	ported
Gfx::Point::pixels_moved [CssPixelPoint]	luce-browser-render	gfx	css_pixel_point_pixels_moved	Libraries/LibGfx/Point.h:208	dropped
Gfx::Point::pixels_moved [FloatPoint]	luce-browser-render	gfx	float_point_pixels_moved	Libraries/LibGfx/Point.h:208	ported
Gfx::Point::pixels_moved [IntPoint]	luce-browser-render	gfx	int_point_pixels_moved	Libraries/LibGfx/Point.h:208	ported
Gfx::Point::primary_offset_for_orientation [CssPixelPoint]	luce-browser-render	gfx	css_pixel_point_primary_offset_for_orientation	Libraries/LibGfx/Point.h:169	ported
Gfx::Point::primary_offset_for_orientation [FloatPoint]	luce-browser-render	gfx	float_point_primary_offset_for_orientation	Libraries/LibGfx/Point.h:169	ported
Gfx::Point::primary_offset_for_orientation [IntPoint]	luce-browser-render	gfx	int_point_primary_offset_for_orientation	Libraries/LibGfx/Point.h:169	ported
Gfx::Point::scale_by [CssPixelPoint]	luce-browser-render	gfx	css_pixel_point_scale_by_css_pixel_point	Libraries/LibGfx/Point.h:68	ported
Gfx::Point::scale_by [CssPixelPoint]	luce-browser-render	gfx	css_pixel_point_scale_by_css_pixels	Libraries/LibGfx/Point.h:67	ported
Gfx::Point::scale_by [CssPixelPoint]	luce-browser-render	gfx	css_pixel_point_scale_by_css_pixels_css_pixels	Libraries/LibGfx/Point.h:61	ported
Gfx::Point::scale_by [FloatPoint]	luce-browser-render	gfx	float_point_scale_by_f32	Libraries/LibGfx/Point.h:67	ported
Gfx::Point::scale_by [FloatPoint]	luce-browser-render	gfx	float_point_scale_by_f32_f32	Libraries/LibGfx/Point.h:61	ported
Gfx::Point::scale_by [FloatPoint]	luce-browser-render	gfx	float_point_scale_by_float_point	Libraries/LibGfx/Point.h:68	ported
Gfx::Point::scale_by [IntPoint]	luce-browser-render	gfx	int_point_scale_by_i32	Libraries/LibGfx/Point.h:67	ported
Gfx::Point::scale_by [IntPoint]	luce-browser-render	gfx	int_point_scale_by_i32_i32	Libraries/LibGfx/Point.h:61	ported
Gfx::Point::scale_by [IntPoint]	luce-browser-render	gfx	int_point_scale_by_int_point	Libraries/LibGfx/Point.h:68	ported
Gfx::Point::scaled [CssPixelPoint]	luce-browser-render	gfx	css_pixel_point_scaled_css_pixel_point	Libraries/LibGfx/Point.h:98	ported
Gfx::Point::scaled [CssPixelPoint]	luce-browser-render	gfx	css_pixel_point_scaled_css_pixels	Libraries/LibGfx/Point.h:91	ported
Gfx::Point::scaled [CssPixelPoint]	luce-browser-render	gfx	css_pixel_point_scaled_css_pixels_css_pixels	Libraries/LibGfx/Point.h:105	ported
Gfx::Point::scaled [FloatPoint]	luce-browser-render	gfx	float_point_scaled_f32	Libraries/LibGfx/Point.h:91	ported
Gfx::Point::scaled [FloatPoint]	luce-browser-render	gfx	float_point_scaled_f32_f32	Libraries/LibGfx/Point.h:105	ported
Gfx::Point::scaled [FloatPoint]	luce-browser-render	gfx	float_point_scaled_float_point	Libraries/LibGfx/Point.h:98	ported
Gfx::Point::scaled [IntPoint]	luce-browser-render	gfx	int_point_scaled_i32	Libraries/LibGfx/Point.h:91	ported
Gfx::Point::scaled [IntPoint]	luce-browser-render	gfx	int_point_scaled_i32_i32	Libraries/LibGfx/Point.h:105	ported
Gfx::Point::scaled [IntPoint]	luce-browser-render	gfx	int_point_scaled_int_point	Libraries/LibGfx/Point.h:98	ported
Gfx::Point::secondary_offset_for_orientation [CssPixelPoint]	luce-browser-render	gfx	css_pixel_point_secondary_offset_for_orientation	Libraries/LibGfx/Point.h:183	ported
Gfx::Point::secondary_offset_for_orientation [FloatPoint]	luce-browser-render	gfx	float_point_secondary_offset_for_orientation	Libraries/LibGfx/Point.h:183	ported
Gfx::Point::secondary_offset_for_orientation [IntPoint]	luce-browser-render	gfx	int_point_secondary_offset_for_orientation	Libraries/LibGfx/Point.h:183	ported
Gfx::Point::set_primary_offset_for_orientation [CssPixelPoint]	luce-browser-render	gfx	css_pixel_point_set_primary_offset_for_orientation	Libraries/LibGfx/Point.h:174	ported
Gfx::Point::set_primary_offset_for_orientation [FloatPoint]	luce-browser-render	gfx	float_point_set_primary_offset_for_orientation	Libraries/LibGfx/Point.h:174	ported
Gfx::Point::set_primary_offset_for_orientation [IntPoint]	luce-browser-render	gfx	int_point_set_primary_offset_for_orientation	Libraries/LibGfx/Point.h:174	ported
Gfx::Point::set_secondary_offset_for_orientation [CssPixelPoint]	luce-browser-render	gfx	css_pixel_point_set_secondary_offset_for_orientation	Libraries/LibGfx/Point.h:188	ported
Gfx::Point::set_secondary_offset_for_orientation [FloatPoint]	luce-browser-render	gfx	float_point_set_secondary_offset_for_orientation	Libraries/LibGfx/Point.h:188	ported
Gfx::Point::set_secondary_offset_for_orientation [IntPoint]	luce-browser-render	gfx	int_point_set_secondary_offset_for_orientation	Libraries/LibGfx/Point.h:188	ported
Gfx::Point::set_x [CssPixelPoint]	luce-browser-render	gfx	css_pixel_point_set_x	Libraries/LibGfx/Point.h:47	ported
Gfx::Point::set_x [FloatPoint]	luce-browser-render	gfx	float_point_set_x	Libraries/LibGfx/Point.h:47	ported
Gfx::Point::set_x [IntPoint]	luce-browser-render	gfx	int_point_set_x	Libraries/LibGfx/Point.h:47	ported
Gfx::Point::set_y [CssPixelPoint]	luce-browser-render	gfx	css_pixel_point_set_y	Libraries/LibGfx/Point.h:48	ported
Gfx::Point::set_y [FloatPoint]	luce-browser-render	gfx	float_point_set_y	Libraries/LibGfx/Point.h:48	ported
Gfx::Point::set_y [IntPoint]	luce-browser-render	gfx	int_point_set_y	Libraries/LibGfx/Point.h:48	ported
Gfx::Point::to_byte_string [CssPixelPoint]	luce-browser-render	gfx	css_pixel_point_to_byte_string	Libraries/LibGfx/Point.h:254	dropped
Gfx::Point::to_byte_string [FloatPoint]	luce-browser-render	gfx	float_point_to_byte_string	Libraries/LibGfx/Point.h:254	ported
Gfx::Point::to_byte_string [IntPoint]	luce-browser-render	gfx	int_point_to_byte_string	Libraries/LibGfx/Point.h:254	ported
Gfx::Point::to_ceiled [CssPixelPoint]	luce-browser-render	gfx	css_pixel_point_to_ceiled	Libraries/LibGfx/Point.h:242	dropped
Gfx::Point::to_ceiled [IntPoint]	luce-browser-render	gfx	int_point_to_ceiled	Libraries/LibGfx/Point.h:242	dropped
Gfx::Point::to_ceiled<int> [FloatPoint]	luce-browser-render	gfx	float_point_to_ceiled_i32	Libraries/LibGfx/Point.h:242	ported
Gfx::Point::to_floored [CssPixelPoint]	luce-browser-render	gfx	css_pixel_point_to_floored	Libraries/LibGfx/Point.h:249	dropped
Gfx::Point::to_floored [IntPoint]	luce-browser-render	gfx	int_point_to_floored	Libraries/LibGfx/Point.h:249	dropped
Gfx::Point::to_floored<int> [FloatPoint]	luce-browser-render	gfx	float_point_to_floored_i32	Libraries/LibGfx/Point.h:249	ported
Gfx::Point::to_rounded [CssPixelPoint]	luce-browser-render	gfx	css_pixel_point_to_rounded	Libraries/LibGfx/Point.h:235	dropped
Gfx::Point::to_rounded [IntPoint]	luce-browser-render	gfx	int_point_to_rounded	Libraries/LibGfx/Point.h:235	dropped
Gfx::Point::to_rounded<int> [FloatPoint]	luce-browser-render	gfx	float_point_to_rounded_i32	Libraries/LibGfx/Point.h:235	ported
Gfx::Point::to_type<CSSPixels> [FloatPoint]	luce-browser-render	gfx	float_point_to_type_css_pixels	Libraries/LibGfx/Point.h:229	ported
Gfx::Point::to_type<CSSPixels> [IntPoint]	luce-browser-render	gfx	int_point_to_type_css_pixels	Libraries/LibGfx/Point.h:229	ported
Gfx::Point::to_type<float> [CssPixelPoint]	luce-browser-render	gfx	css_pixel_point_to_type_f32	Libraries/LibGfx/Point.h:229	ported
Gfx::Point::to_type<float> [IntPoint]	luce-browser-render	gfx	int_point_to_type_f32	Libraries/LibGfx/Point.h:229	ported
Gfx::Point::to_type<int> [CssPixelPoint]	luce-browser-render	gfx	css_pixel_point_to_type_i32	Libraries/LibGfx/Point.h:229	ported
Gfx::Point::to_type<int> [FloatPoint]	luce-browser-render	gfx	float_point_to_type_i32	Libraries/LibGfx/Point.h:229	ported
Gfx::Point::translate_by [CssPixelPoint]	luce-browser-render	gfx	css_pixel_point_translate_by_css_pixel_point	Libraries/LibGfx/Point.h:59	ported
Gfx::Point::translate_by [CssPixelPoint]	luce-browser-render	gfx	css_pixel_point_translate_by_css_pixels	Libraries/LibGfx/Point.h:58	ported
Gfx::Point::translate_by [CssPixelPoint]	luce-browser-render	gfx	css_pixel_point_translate_by_css_pixels_css_pixels	Libraries/LibGfx/Point.h:52	ported
Gfx::Point::translate_by [FloatPoint]	luce-browser-render	gfx	float_point_translate_by_f32	Libraries/LibGfx/Point.h:58	ported
Gfx::Point::translate_by [FloatPoint]	luce-browser-render	gfx	float_point_translate_by_f32_f32	Libraries/LibGfx/Point.h:52	ported
Gfx::Point::translate_by [FloatPoint]	luce-browser-render	gfx	float_point_translate_by_float_point	Libraries/LibGfx/Point.h:59	ported
Gfx::Point::translate_by [IntPoint]	luce-browser-render	gfx	int_point_translate_by_i32	Libraries/LibGfx/Point.h:58	ported
Gfx::Point::translate_by [IntPoint]	luce-browser-render	gfx	int_point_translate_by_i32_i32	Libraries/LibGfx/Point.h:52	ported
Gfx::Point::translate_by [IntPoint]	luce-browser-render	gfx	int_point_translate_by_int_point	Libraries/LibGfx/Point.h:59	ported
Gfx::Point::translated [CssPixelPoint]	luce-browser-render	gfx	css_pixel_point_translated_css_pixel_point	Libraries/LibGfx/Point.h:70	ported
Gfx::Point::translated [CssPixelPoint]	luce-browser-render	gfx	css_pixel_point_translated_css_pixels	Libraries/LibGfx/Point.h:84	ported
Gfx::Point::translated [CssPixelPoint]	luce-browser-render	gfx	css_pixel_point_translated_css_pixels_css_pixels	Libraries/LibGfx/Point.h:77	ported
Gfx::Point::translated [FloatPoint]	luce-browser-render	gfx	float_point_translated_f32	Libraries/LibGfx/Point.h:84	ported
Gfx::Point::translated [FloatPoint]	luce-browser-render	gfx	float_point_translated_f32_f32	Libraries/LibGfx/Point.h:77	ported
Gfx::Point::translated [FloatPoint]	luce-browser-render	gfx	float_point_translated_float_point	Libraries/LibGfx/Point.h:70	ported
Gfx::Point::translated [IntPoint]	luce-browser-render	gfx	int_point_translated_i32	Libraries/LibGfx/Point.h:84	ported
Gfx::Point::translated [IntPoint]	luce-browser-render	gfx	int_point_translated_i32_i32	Libraries/LibGfx/Point.h:77	ported
Gfx::Point::translated [IntPoint]	luce-browser-render	gfx	int_point_translated_int_point	Libraries/LibGfx/Point.h:70	ported
Gfx::Point::x [CssPixelPoint]	luce-browser-render	gfx	css_pixel_point_x	Libraries/LibGfx/Point.h:44	ported
Gfx::Point::x [FloatPoint]	luce-browser-render	gfx	float_point_x	Libraries/LibGfx/Point.h:44	ported
Gfx::Point::x [IntPoint]	luce-browser-render	gfx	int_point_x	Libraries/LibGfx/Point.h:44	ported
Gfx::Point::y [CssPixelPoint]	luce-browser-render	gfx	css_pixel_point_y	Libraries/LibGfx/Point.h:45	ported
Gfx::Point::y [FloatPoint]	luce-browser-render	gfx	float_point_y	Libraries/LibGfx/Point.h:45	ported
Gfx::Point::y [IntPoint]	luce-browser-render	gfx	int_point_y	Libraries/LibGfx/Point.h:45	ported
Gfx::Point<Web::CSSPixels>	luce-browser-render	gfx	CssPixelPoint	Libraries/LibGfx/Point.h:20	instantiation
Gfx::Point<f32>	luce-browser-render	gfx	FloatPoint	Libraries/LibGfx/Point.h:20	instantiation
Gfx::Point<i32>	luce-browser-render	gfx	IntPoint	Libraries/LibGfx/Point.h:20	instantiation
Gfx::Quad	luce-browser-render	gfx	Quad	Libraries/LibGfx/Quad.h:15	opaque
Gfx::Quad::Quad [FloatQuad]	luce-browser-render	gfx	float_quad_construct	Libraries/LibGfx/Quad.h:17	ported
Gfx::Quad::bounding_rect [FloatQuad]	luce-browser-render	gfx	float_quad_bounding_rect	Libraries/LibGfx/Quad.h:30	ported
Gfx::Quad::contains [FloatQuad]	luce-browser-render	gfx	float_quad_contains	Libraries/LibGfx/Quad.h:44	ported
Gfx::Quad::p1 [FloatQuad]	luce-browser-render	gfx	float_quad_p1	Libraries/LibGfx/Quad.h:25	ported
Gfx::Quad::p2 [FloatQuad]	luce-browser-render	gfx	float_quad_p2	Libraries/LibGfx/Quad.h:26	ported
Gfx::Quad::p3 [FloatQuad]	luce-browser-render	gfx	float_quad_p3	Libraries/LibGfx/Quad.h:27	ported
Gfx::Quad::p4 [FloatQuad]	luce-browser-render	gfx	float_quad_p4	Libraries/LibGfx/Quad.h:28	ported
Gfx::Quad<float>	luce-browser-render	gfx	FloatQuad	Libraries/LibGfx/Quad.h:15	struct
Gfx::Rect	luce-browser-render	gfx	Rect	Libraries/LibGfx/Rect.h:20	opaque
Gfx::Rect::Rect<T> [CssPixelRect]	luce-browser-render	gfx	css_pixel_rect_construct_css_pixel_point	Libraries/LibGfx/Rect.h:37	construct
Gfx::Rect::Rect<T> [CssPixelRect]	luce-browser-render	gfx	css_pixel_rect_construct_css_pixels	Libraries/LibGfx/Rect.h:24	construct
Gfx::Rect::Rect<T> [CssPixelRect]	luce-browser-render	gfx	css_pixel_rect_construct_int	Libraries/LibGfx/Rect.h:31	ported
Gfx::Rect::Rect<T> [DevicePixelRect]	luce-browser-render	gfx	device_pixel_rect_construct_f32	Libraries/LibGfx/Rect.h:31	ported
Gfx::Rect::Rect<T> [DevicePixelRect]	luce-browser-render	gfx	device_pixel_rect_construct_i32	Libraries/LibGfx/Rect.h:24	construct
Gfx::Rect::Rect<T> [DevicePixelRect]	luce-browser-render	gfx	device_pixel_rect_construct_int_point	Libraries/LibGfx/Rect.h:37	construct
Gfx::Rect::Rect<T> [FloatRect]	luce-browser-render	gfx	float_rect_construct_f32	Libraries/LibGfx/Rect.h:24	construct
Gfx::Rect::Rect<T> [FloatRect]	luce-browser-render	gfx	float_rect_construct_float_point	Libraries/LibGfx/Rect.h:37	construct
Gfx::Rect::Rect<T> [FloatRect]	luce-browser-render	gfx	float_rect_construct_i32	Libraries/LibGfx/Rect.h:31	ported
Gfx::Rect::Rect<T><CSSPixels> [DevicePixelRect]	luce-browser-render	gfx	device_pixel_rect_to_type_css_pixels	Libraries/LibGfx/Rect.h:51	ported
Gfx::Rect::Rect<T><CSSPixels> [FloatRect]	luce-browser-render	gfx	float_rect_to_type_css_pixels	Libraries/LibGfx/Rect.h:51	ported
Gfx::Rect::Rect<T><float> [CssPixelRect]	luce-browser-render	gfx	css_pixel_rect_to_type_f32	Libraries/LibGfx/Rect.h:51	ported
Gfx::Rect::Rect<T><float> [DevicePixelRect]	luce-browser-render	gfx	device_pixel_rect_to_type_f32	Libraries/LibGfx/Rect.h:51	ported
Gfx::Rect::Rect<T><int> [CssPixelRect]	luce-browser-render	gfx	css_pixel_rect_to_type_i32	Libraries/LibGfx/Rect.h:51	ported
Gfx::Rect::Rect<T><int> [FloatRect]	luce-browser-render	gfx	float_rect_to_type_i32	Libraries/LibGfx/Rect.h:51	ported
Gfx::Rect::bottom [CssPixelRect]	luce-browser-render	gfx	css_pixel_rect_bottom	Libraries/LibGfx/Rect.h:366	ported
Gfx::Rect::bottom [DevicePixelRect]	luce-browser-render	gfx	device_pixel_rect_bottom	Libraries/LibGfx/Rect.h:366	ported
Gfx::Rect::bottom [FloatRect]	luce-browser-render	gfx	float_rect_bottom	Libraries/LibGfx/Rect.h:366	ported
Gfx::Rect::bottom_left [CssPixelRect]	luce-browser-render	gfx	css_pixel_rect_bottom_left	Libraries/LibGfx/Rect.h:507	ported
Gfx::Rect::bottom_left [DevicePixelRect]	luce-browser-render	gfx	device_pixel_rect_bottom_left	Libraries/LibGfx/Rect.h:507	ported
Gfx::Rect::bottom_left [FloatRect]	luce-browser-render	gfx	float_rect_bottom_left	Libraries/LibGfx/Rect.h:507	ported
Gfx::Rect::bottom_right [CssPixelRect]	luce-browser-render	gfx	css_pixel_rect_bottom_right	Libraries/LibGfx/Rect.h:508	ported
Gfx::Rect::bottom_right [DevicePixelRect]	luce-browser-render	gfx	device_pixel_rect_bottom_right	Libraries/LibGfx/Rect.h:508	ported
Gfx::Rect::bottom_right [FloatRect]	luce-browser-render	gfx	float_rect_bottom_right	Libraries/LibGfx/Rect.h:508	ported
Gfx::Rect::center [CssPixelRect]	luce-browser-render	gfx	css_pixel_rect_center	Libraries/LibGfx/Rect.h:84	ported
Gfx::Rect::center [DevicePixelRect]	luce-browser-render	gfx	device_pixel_rect_center	Libraries/LibGfx/Rect.h:84	ported
Gfx::Rect::center [FloatRect]	luce-browser-render	gfx	float_rect_center	Libraries/LibGfx/Rect.h:84	ported
Gfx::Rect::center_horizontally_within [CssPixelRect]	luce-browser-render	gfx	css_pixel_rect_center_horizontally_within	Libraries/LibGfx/Rect.h:518	ported
Gfx::Rect::center_horizontally_within [DevicePixelRect]	luce-browser-render	gfx	device_pixel_rect_center_horizontally_within	Libraries/LibGfx/Rect.h:518	ported
Gfx::Rect::center_horizontally_within [FloatRect]	luce-browser-render	gfx	float_rect_center_horizontally_within	Libraries/LibGfx/Rect.h:518	ported
Gfx::Rect::center_vertically_within [CssPixelRect]	luce-browser-render	gfx	css_pixel_rect_center_vertically_within	Libraries/LibGfx/Rect.h:523	ported
Gfx::Rect::center_vertically_within [DevicePixelRect]	luce-browser-render	gfx	device_pixel_rect_center_vertically_within	Libraries/LibGfx/Rect.h:523	ported
Gfx::Rect::center_vertically_within [FloatRect]	luce-browser-render	gfx	float_rect_center_vertically_within	Libraries/LibGfx/Rect.h:523	ported
Gfx::Rect::centered_within [CssPixelRect]	luce-browser-render	gfx	css_pixel_rect_centered_within	Libraries/LibGfx/Rect.h:510	ported
Gfx::Rect::centered_within [DevicePixelRect]	luce-browser-render	gfx	device_pixel_rect_centered_within	Libraries/LibGfx/Rect.h:510	ported
Gfx::Rect::centered_within [FloatRect]	luce-browser-render	gfx	float_rect_centered_within	Libraries/LibGfx/Rect.h:510	ported
Gfx::Rect::contains [CssPixelRect]	luce-browser-render	gfx	css_pixel_rect_contains_css_pixel_point	Libraries/LibGfx/Rect.h:296	ported
Gfx::Rect::contains [CssPixelRect]	luce-browser-render	gfx	css_pixel_rect_contains_css_pixel_rect	Libraries/LibGfx/Rect.h:301	ported
Gfx::Rect::contains [CssPixelRect]	luce-browser-render	gfx	css_pixel_rect_contains_css_pixels	Libraries/LibGfx/Rect.h:291	ported
Gfx::Rect::contains [CssPixelRect]	luce-browser-render	gfx	css_pixel_rect_contains_t_container	Libraries/LibGfx/Rect.h:310	ported
Gfx::Rect::contains [DevicePixelRect]	luce-browser-render	gfx	device_pixel_rect_contains_device_pixel_rect	Libraries/LibGfx/Rect.h:301	ported
Gfx::Rect::contains [DevicePixelRect]	luce-browser-render	gfx	device_pixel_rect_contains_i32	Libraries/LibGfx/Rect.h:291	ported
Gfx::Rect::contains [DevicePixelRect]	luce-browser-render	gfx	device_pixel_rect_contains_int_point	Libraries/LibGfx/Rect.h:296	ported
Gfx::Rect::contains [DevicePixelRect]	luce-browser-render	gfx	device_pixel_rect_contains_t_container	Libraries/LibGfx/Rect.h:310	ported
Gfx::Rect::contains [FloatRect]	luce-browser-render	gfx	float_rect_contains_f32	Libraries/LibGfx/Rect.h:291	ported
Gfx::Rect::contains [FloatRect]	luce-browser-render	gfx	float_rect_contains_float_point	Libraries/LibGfx/Rect.h:296	ported
Gfx::Rect::contains [FloatRect]	luce-browser-render	gfx	float_rect_contains_float_rect	Libraries/LibGfx/Rect.h:301	ported
Gfx::Rect::contains [FloatRect]	luce-browser-render	gfx	float_rect_contains_t_container	Libraries/LibGfx/Rect.h:310	ported
Gfx::Rect::contains_horizontally [CssPixelRect]	luce-browser-render	gfx	css_pixel_rect_contains_horizontally	Libraries/LibGfx/Rect.h:286	ported
Gfx::Rect::contains_horizontally [DevicePixelRect]	luce-browser-render	gfx	device_pixel_rect_contains_horizontally	Libraries/LibGfx/Rect.h:286	ported
Gfx::Rect::contains_horizontally [FloatRect]	luce-browser-render	gfx	float_rect_contains_horizontally	Libraries/LibGfx/Rect.h:286	ported
Gfx::Rect::contains_vertically [CssPixelRect]	luce-browser-render	gfx	css_pixel_rect_contains_vertically	Libraries/LibGfx/Rect.h:281	ported
Gfx::Rect::contains_vertically [DevicePixelRect]	luce-browser-render	gfx	device_pixel_rect_contains_vertically	Libraries/LibGfx/Rect.h:281	ported
Gfx::Rect::contains_vertically [FloatRect]	luce-browser-render	gfx	float_rect_contains_vertically	Libraries/LibGfx/Rect.h:281	ported
Gfx::Rect::edge_adjacent_intersects [CssPixelRect]	luce-browser-render	gfx	css_pixel_rect_edge_adjacent_intersects	Libraries/LibGfx/Rect.h:403	ported
Gfx::Rect::edge_adjacent_intersects [DevicePixelRect]	luce-browser-render	gfx	device_pixel_rect_edge_adjacent_intersects	Libraries/LibGfx/Rect.h:403	ported
Gfx::Rect::edge_adjacent_intersects [FloatRect]	luce-browser-render	gfx	float_rect_edge_adjacent_intersects	Libraries/LibGfx/Rect.h:403	ported
Gfx::Rect::first_edge_for_orientation [CssPixelRect]	luce-browser-render	gfx	css_pixel_rect_first_edge_for_orientation	Libraries/LibGfx/Rect.h:349	ported
Gfx::Rect::first_edge_for_orientation [DevicePixelRect]	luce-browser-render	gfx	device_pixel_rect_first_edge_for_orientation	Libraries/LibGfx/Rect.h:349	ported
Gfx::Rect::first_edge_for_orientation [FloatRect]	luce-browser-render	gfx	float_rect_first_edge_for_orientation	Libraries/LibGfx/Rect.h:349	ported
Gfx::Rect::from_two_points [CssPixelRect]	luce-browser-render	gfx	css_pixel_rect_from_two_points	Libraries/LibGfx/Rect.h:453	dropped
Gfx::Rect::from_two_points [DevicePixelRect]	luce-browser-render	gfx	device_pixel_rect_from_two_points	Libraries/LibGfx/Rect.h:453	ported
Gfx::Rect::from_two_points [FloatRect]	luce-browser-render	gfx	float_rect_from_two_points	Libraries/LibGfx/Rect.h:453	ported
Gfx::Rect::height [CssPixelRect]	luce-browser-render	gfx	css_pixel_rect_height	Libraries/LibGfx/Rect.h:60	ported
Gfx::Rect::height [DevicePixelRect]	luce-browser-render	gfx	device_pixel_rect_height	Libraries/LibGfx/Rect.h:60	ported
Gfx::Rect::height [FloatRect]	luce-browser-render	gfx	float_rect_height	Libraries/LibGfx/Rect.h:60	ported
Gfx::Rect::inflate [CssPixelRect]	luce-browser-render	gfx	css_pixel_rect_inflate_css_pixel_size	Libraries/LibGfx/Rect.h:121	ported
Gfx::Rect::inflate [CssPixelRect]	luce-browser-render	gfx	css_pixel_rect_inflate_css_pixels_css_pixels	Libraries/LibGfx/Rect.h:105	ported
Gfx::Rect::inflate [CssPixelRect]	luce-browser-render	gfx	css_pixel_rect_inflate_css_pixels_css_pixels_css_pixels	Libraries/LibGfx/Rect.h:113	ported
Gfx::Rect::inflate [DevicePixelRect]	luce-browser-render	gfx	device_pixel_rect_inflate_i32_i32	Libraries/LibGfx/Rect.h:105	ported
Gfx::Rect::inflate [DevicePixelRect]	luce-browser-render	gfx	device_pixel_rect_inflate_i32_i32_i32	Libraries/LibGfx/Rect.h:113	ported
Gfx::Rect::inflate [DevicePixelRect]	luce-browser-render	gfx	device_pixel_rect_inflate_int_size	Libraries/LibGfx/Rect.h:121	ported
Gfx::Rect::inflate [FloatRect]	luce-browser-render	gfx	float_rect_inflate_f32_f32	Libraries/LibGfx/Rect.h:105	ported
Gfx::Rect::inflate [FloatRect]	luce-browser-render	gfx	float_rect_inflate_f32_f32_f32	Libraries/LibGfx/Rect.h:113	ported
Gfx::Rect::inflate [FloatRect]	luce-browser-render	gfx	float_rect_inflate_float_size	Libraries/LibGfx/Rect.h:121	ported
Gfx::Rect::inflate_primary_for_orientation [CssPixelRect]	luce-browser-render	gfx	css_pixel_rect_inflate_primary_for_orientation	Libraries/LibGfx/Rect.h:333	ported
Gfx::Rect::inflate_primary_for_orientation [DevicePixelRect]	luce-browser-render	gfx	device_pixel_rect_inflate_primary_for_orientation	Libraries/LibGfx/Rect.h:333	ported
Gfx::Rect::inflate_primary_for_orientation [FloatRect]	luce-browser-render	gfx	float_rect_inflate_primary_for_orientation	Libraries/LibGfx/Rect.h:333	ported
Gfx::Rect::inflate_secondary_for_orientation [CssPixelRect]	luce-browser-render	gfx	css_pixel_rect_inflate_secondary_for_orientation	Libraries/LibGfx/Rect.h:341	ported
Gfx::Rect::inflate_secondary_for_orientation [DevicePixelRect]	luce-browser-render	gfx	device_pixel_rect_inflate_secondary_for_orientation	Libraries/LibGfx/Rect.h:341	ported
Gfx::Rect::inflate_secondary_for_orientation [FloatRect]	luce-browser-render	gfx	float_rect_inflate_secondary_for_orientation	Libraries/LibGfx/Rect.h:341	ported
Gfx::Rect::inflated [CssPixelRect]	luce-browser-render	gfx	css_pixel_rect_inflated_css_pixel_size	Libraries/LibGfx/Rect.h:230	ported
Gfx::Rect::inflated [CssPixelRect]	luce-browser-render	gfx	css_pixel_rect_inflated_css_pixels_css_pixels	Libraries/LibGfx/Rect.h:216	ported
Gfx::Rect::inflated [CssPixelRect]	luce-browser-render	gfx	css_pixel_rect_inflated_css_pixels_css_pixels_css_pixels	Libraries/LibGfx/Rect.h:223	ported
Gfx::Rect::inflated [DevicePixelRect]	luce-browser-render	gfx	device_pixel_rect_inflated_i32_i32	Libraries/LibGfx/Rect.h:216	ported
Gfx::Rect::inflated [DevicePixelRect]	luce-browser-render	gfx	device_pixel_rect_inflated_i32_i32_i32	Libraries/LibGfx/Rect.h:223	ported
Gfx::Rect::inflated [DevicePixelRect]	luce-browser-render	gfx	device_pixel_rect_inflated_int_size	Libraries/LibGfx/Rect.h:230	ported
Gfx::Rect::inflated [FloatRect]	luce-browser-render	gfx	float_rect_inflated_f32_f32	Libraries/LibGfx/Rect.h:216	ported
Gfx::Rect::inflated [FloatRect]	luce-browser-render	gfx	float_rect_inflated_f32_f32_f32	Libraries/LibGfx/Rect.h:223	ported
Gfx::Rect::inflated [FloatRect]	luce-browser-render	gfx	float_rect_inflated_float_size	Libraries/LibGfx/Rect.h:230	ported
Gfx::Rect::intersect [CssPixelRect]	luce-browser-render	gfx	css_pixel_rect_intersect	Libraries/LibGfx/Rect.h:434	ported
Gfx::Rect::intersect [DevicePixelRect]	luce-browser-render	gfx	device_pixel_rect_intersect	Libraries/LibGfx/Rect.h:434	ported
Gfx::Rect::intersect [FloatRect]	luce-browser-render	gfx	float_rect_intersect	Libraries/LibGfx/Rect.h:434	ported
Gfx::Rect::intersected [CssPixelRect]	luce-browser-render	gfx	css_pixel_rect_intersected	Libraries/LibGfx/Rect.h:465	ported
Gfx::Rect::intersected [DevicePixelRect]	luce-browser-render	gfx	device_pixel_rect_intersected	Libraries/LibGfx/Rect.h:465	ported
Gfx::Rect::intersected [FloatRect]	luce-browser-render	gfx	float_rect_intersected	Libraries/LibGfx/Rect.h:465	ported
Gfx::Rect::intersection [CssPixelRect]	luce-browser-render	gfx	css_pixel_rect_intersection	Libraries/LibGfx/Rect.h:458	ported
Gfx::Rect::intersection [DevicePixelRect]	luce-browser-render	gfx	device_pixel_rect_intersection	Libraries/LibGfx/Rect.h:458	ported
Gfx::Rect::intersection [FloatRect]	luce-browser-render	gfx	float_rect_intersection	Libraries/LibGfx/Rect.h:458	ported
Gfx::Rect::intersects [CssPixelRect]	luce-browser-render	gfx	css_pixel_rect_intersects_css_pixel_rect	Libraries/LibGfx/Rect.h:395	ported
Gfx::Rect::intersects [CssPixelRect]	luce-browser-render	gfx	css_pixel_rect_intersects_t_container	Libraries/LibGfx/Rect.h:410	ported
Gfx::Rect::intersects [DevicePixelRect]	luce-browser-render	gfx	device_pixel_rect_intersects_device_pixel_rect	Libraries/LibGfx/Rect.h:395	ported
Gfx::Rect::intersects [DevicePixelRect]	luce-browser-render	gfx	device_pixel_rect_intersects_t_container	Libraries/LibGfx/Rect.h:410	ported
Gfx::Rect::intersects [FloatRect]	luce-browser-render	gfx	float_rect_intersects_float_rect	Libraries/LibGfx/Rect.h:395	ported
Gfx::Rect::intersects [FloatRect]	luce-browser-render	gfx	float_rect_intersects_t_container	Libraries/LibGfx/Rect.h:410	ported
Gfx::Rect::intersects_horizontally [CssPixelRect]	luce-browser-render	gfx	css_pixel_rect_intersects_horizontally	Libraries/LibGfx/Rect.h:390	ported
Gfx::Rect::intersects_horizontally [DevicePixelRect]	luce-browser-render	gfx	device_pixel_rect_intersects_horizontally	Libraries/LibGfx/Rect.h:390	ported
Gfx::Rect::intersects_horizontally [FloatRect]	luce-browser-render	gfx	float_rect_intersects_horizontally	Libraries/LibGfx/Rect.h:390	ported
Gfx::Rect::intersects_vertically [CssPixelRect]	luce-browser-render	gfx	css_pixel_rect_intersects_vertically	Libraries/LibGfx/Rect.h:385	ported
Gfx::Rect::intersects_vertically [DevicePixelRect]	luce-browser-render	gfx	device_pixel_rect_intersects_vertically	Libraries/LibGfx/Rect.h:385	ported
Gfx::Rect::intersects_vertically [FloatRect]	luce-browser-render	gfx	float_rect_intersects_vertically	Libraries/LibGfx/Rect.h:385	ported
Gfx::Rect::is_empty [CssPixelRect]	luce-browser-render	gfx	css_pixel_rect_is_empty	Libraries/LibGfx/Rect.h:70	ported
Gfx::Rect::is_empty [DevicePixelRect]	luce-browser-render	gfx	device_pixel_rect_is_empty	Libraries/LibGfx/Rect.h:70	ported
Gfx::Rect::is_empty [FloatRect]	luce-browser-render	gfx	float_rect_is_empty	Libraries/LibGfx/Rect.h:70	ported
Gfx::Rect::last_edge_for_orientation [CssPixelRect]	luce-browser-render	gfx	css_pixel_rect_last_edge_for_orientation	Libraries/LibGfx/Rect.h:356	ported
Gfx::Rect::last_edge_for_orientation [DevicePixelRect]	luce-browser-render	gfx	device_pixel_rect_last_edge_for_orientation	Libraries/LibGfx/Rect.h:356	ported
Gfx::Rect::last_edge_for_orientation [FloatRect]	luce-browser-render	gfx	float_rect_last_edge_for_orientation	Libraries/LibGfx/Rect.h:356	ported
Gfx::Rect::left [CssPixelRect]	luce-browser-render	gfx	css_pixel_rect_left	Libraries/LibGfx/Rect.h:363	ported
Gfx::Rect::left [DevicePixelRect]	luce-browser-render	gfx	device_pixel_rect_left	Libraries/LibGfx/Rect.h:363	ported
Gfx::Rect::left [FloatRect]	luce-browser-render	gfx	float_rect_left	Libraries/LibGfx/Rect.h:363	ported
Gfx::Rect::location [CssPixelRect]	luce-browser-render	gfx	css_pixel_rect_location	Libraries/LibGfx/Rect.h:67	ported
Gfx::Rect::location [DevicePixelRect]	luce-browser-render	gfx	device_pixel_rect_location	Libraries/LibGfx/Rect.h:67	ported
Gfx::Rect::location [FloatRect]	luce-browser-render	gfx	float_rect_location	Libraries/LibGfx/Rect.h:67	ported
Gfx::Rect::operator* [CssPixelRect]	luce-browser-render	gfx	css_pixel_rect_mul	Libraries/LibGfx/Rect.h:425	ported
Gfx::Rect::operator* [DevicePixelRect]	luce-browser-render	gfx	device_pixel_rect_mul	Libraries/LibGfx/Rect.h:425	ported
Gfx::Rect::operator* [FloatRect]	luce-browser-render	gfx	float_rect_mul	Libraries/LibGfx/Rect.h:425	ported
Gfx::Rect::operator*= [CssPixelRect]	luce-browser-render	gfx	css_pixel_rect_mul_assign	Libraries/LibGfx/Rect.h:427	ported
Gfx::Rect::operator*= [DevicePixelRect]	luce-browser-render	gfx	device_pixel_rect_mul_assign	Libraries/LibGfx/Rect.h:427	ported
Gfx::Rect::operator*= [FloatRect]	luce-browser-render	gfx	float_rect_mul_assign	Libraries/LibGfx/Rect.h:427	ported
Gfx::Rect::operator== [CssPixelRect]	luce-browser-render	gfx	css_pixel_rect_eq	Libraries/LibGfx/Rect.h:420	ported
Gfx::Rect::operator== [DevicePixelRect]	luce-browser-render	gfx	device_pixel_rect_eq	Libraries/LibGfx/Rect.h:420	ported
Gfx::Rect::operator== [FloatRect]	luce-browser-render	gfx	float_rect_eq	Libraries/LibGfx/Rect.h:420	ported
Gfx::Rect::primary_offset_for_orientation [CssPixelRect]	luce-browser-render	gfx	css_pixel_rect_primary_offset_for_orientation	Libraries/LibGfx/Rect.h:321	ported
Gfx::Rect::primary_offset_for_orientation [DevicePixelRect]	luce-browser-render	gfx	device_pixel_rect_primary_offset_for_orientation	Libraries/LibGfx/Rect.h:321	ported
Gfx::Rect::primary_offset_for_orientation [FloatRect]	luce-browser-render	gfx	float_rect_primary_offset_for_orientation	Libraries/LibGfx/Rect.h:321	ported
Gfx::Rect::primary_size_for_orientation [CssPixelRect]	luce-browser-render	gfx	css_pixel_rect_primary_size_for_orientation	Libraries/LibGfx/Rect.h:328	ported
Gfx::Rect::primary_size_for_orientation [DevicePixelRect]	luce-browser-render	gfx	device_pixel_rect_primary_size_for_orientation	Libraries/LibGfx/Rect.h:328	ported
Gfx::Rect::primary_size_for_orientation [FloatRect]	luce-browser-render	gfx	float_rect_primary_size_for_orientation	Libraries/LibGfx/Rect.h:328	ported
Gfx::Rect::right [CssPixelRect]	luce-browser-render	gfx	css_pixel_rect_right	Libraries/LibGfx/Rect.h:364	ported
Gfx::Rect::right [DevicePixelRect]	luce-browser-render	gfx	device_pixel_rect_right	Libraries/LibGfx/Rect.h:364	ported
Gfx::Rect::right [FloatRect]	luce-browser-render	gfx	float_rect_right	Libraries/LibGfx/Rect.h:364	ported
Gfx::Rect::scale_by [CssPixelRect]	luce-browser-render	gfx	css_pixel_rect_scale_by_css_pixel_point	Libraries/LibGfx/Rect.h:82	ported
Gfx::Rect::scale_by [CssPixelRect]	luce-browser-render	gfx	css_pixel_rect_scale_by_css_pixels	Libraries/LibGfx/Rect.h:81	ported
Gfx::Rect::scale_by [CssPixelRect]	luce-browser-render	gfx	css_pixel_rect_scale_by_css_pixels_css_pixels	Libraries/LibGfx/Rect.h:76	ported
Gfx::Rect::scale_by [DevicePixelRect]	luce-browser-render	gfx	device_pixel_rect_scale_by_i32	Libraries/LibGfx/Rect.h:81	ported
Gfx::Rect::scale_by [DevicePixelRect]	luce-browser-render	gfx	device_pixel_rect_scale_by_i32_i32	Libraries/LibGfx/Rect.h:76	ported
Gfx::Rect::scale_by [DevicePixelRect]	luce-browser-render	gfx	device_pixel_rect_scale_by_int_point	Libraries/LibGfx/Rect.h:82	ported
Gfx::Rect::scale_by [FloatRect]	luce-browser-render	gfx	float_rect_scale_by_f32	Libraries/LibGfx/Rect.h:81	ported
Gfx::Rect::scale_by [FloatRect]	luce-browser-render	gfx	float_rect_scale_by_f32_f32	Libraries/LibGfx/Rect.h:76	ported
Gfx::Rect::scale_by [FloatRect]	luce-browser-render	gfx	float_rect_scale_by_float_point	Libraries/LibGfx/Rect.h:82	ported
Gfx::Rect::scaled [CssPixelRect]	luce-browser-render	gfx	css_pixel_rect_scaled_css_pixel_point	Libraries/LibGfx/Rect.h:188	ported
Gfx::Rect::scaled [CssPixelRect]	luce-browser-render	gfx	css_pixel_rect_scaled_css_pixels	Libraries/LibGfx/Rect.h:174	ported
Gfx::Rect::scaled [CssPixelRect]	luce-browser-render	gfx	css_pixel_rect_scaled_css_pixels_css_pixels	Libraries/LibGfx/Rect.h:181	ported
Gfx::Rect::scaled [DevicePixelRect]	luce-browser-render	gfx	device_pixel_rect_scaled_i32	Libraries/LibGfx/Rect.h:174	ported
Gfx::Rect::scaled [DevicePixelRect]	luce-browser-render	gfx	device_pixel_rect_scaled_i32_i32	Libraries/LibGfx/Rect.h:181	ported
Gfx::Rect::scaled [DevicePixelRect]	luce-browser-render	gfx	device_pixel_rect_scaled_int_point	Libraries/LibGfx/Rect.h:188	ported
Gfx::Rect::scaled [FloatRect]	luce-browser-render	gfx	float_rect_scaled_f32	Libraries/LibGfx/Rect.h:174	ported
Gfx::Rect::scaled [FloatRect]	luce-browser-render	gfx	float_rect_scaled_f32_f32	Libraries/LibGfx/Rect.h:181	ported
Gfx::Rect::scaled [FloatRect]	luce-browser-render	gfx	float_rect_scaled_float_point	Libraries/LibGfx/Rect.h:188	ported
Gfx::Rect::secondary_offset_for_orientation [CssPixelRect]	luce-browser-render	gfx	css_pixel_rect_secondary_offset_for_orientation	Libraries/LibGfx/Rect.h:323	ported
Gfx::Rect::secondary_offset_for_orientation [DevicePixelRect]	luce-browser-render	gfx	device_pixel_rect_secondary_offset_for_orientation	Libraries/LibGfx/Rect.h:323	ported
Gfx::Rect::secondary_offset_for_orientation [FloatRect]	luce-browser-render	gfx	float_rect_secondary_offset_for_orientation	Libraries/LibGfx/Rect.h:323	ported
Gfx::Rect::secondary_size_for_orientation [CssPixelRect]	luce-browser-render	gfx	css_pixel_rect_secondary_size_for_orientation	Libraries/LibGfx/Rect.h:329	ported
Gfx::Rect::secondary_size_for_orientation [DevicePixelRect]	luce-browser-render	gfx	device_pixel_rect_secondary_size_for_orientation	Libraries/LibGfx/Rect.h:329	ported
Gfx::Rect::secondary_size_for_orientation [FloatRect]	luce-browser-render	gfx	float_rect_secondary_size_for_orientation	Libraries/LibGfx/Rect.h:329	ported
Gfx::Rect::set_bottom [CssPixelRect]	luce-browser-render	gfx	css_pixel_rect_set_bottom	Libraries/LibGfx/Rect.h:371	ported
Gfx::Rect::set_bottom [DevicePixelRect]	luce-browser-render	gfx	device_pixel_rect_set_bottom	Libraries/LibGfx/Rect.h:371	ported
Gfx::Rect::set_bottom [FloatRect]	luce-browser-render	gfx	float_rect_set_bottom	Libraries/LibGfx/Rect.h:371	ported
Gfx::Rect::set_bottom_without_resize [CssPixelRect]	luce-browser-render	gfx	css_pixel_rect_set_bottom_without_resize	Libraries/LibGfx/Rect.h:379	ported
Gfx::Rect::set_bottom_without_resize [DevicePixelRect]	luce-browser-render	gfx	device_pixel_rect_set_bottom_without_resize	Libraries/LibGfx/Rect.h:379	ported
Gfx::Rect::set_bottom_without_resize [FloatRect]	luce-browser-render	gfx	float_rect_set_bottom_without_resize	Libraries/LibGfx/Rect.h:379	ported
Gfx::Rect::set_height [CssPixelRect]	luce-browser-render	gfx	css_pixel_rect_set_height	Libraries/LibGfx/Rect.h:65	ported
Gfx::Rect::set_height [DevicePixelRect]	luce-browser-render	gfx	device_pixel_rect_set_height	Libraries/LibGfx/Rect.h:65	ported
Gfx::Rect::set_height [FloatRect]	luce-browser-render	gfx	float_rect_set_height	Libraries/LibGfx/Rect.h:65	ported
Gfx::Rect::set_left [CssPixelRect]	luce-browser-render	gfx	css_pixel_rect_set_left	Libraries/LibGfx/Rect.h:368	ported
Gfx::Rect::set_left [DevicePixelRect]	luce-browser-render	gfx	device_pixel_rect_set_left	Libraries/LibGfx/Rect.h:368	ported
Gfx::Rect::set_left [FloatRect]	luce-browser-render	gfx	float_rect_set_left	Libraries/LibGfx/Rect.h:368	ported
Gfx::Rect::set_location [CssPixelRect]	luce-browser-render	gfx	css_pixel_rect_set_location	Libraries/LibGfx/Rect.h:89	ported
Gfx::Rect::set_location [DevicePixelRect]	luce-browser-render	gfx	device_pixel_rect_set_location	Libraries/LibGfx/Rect.h:89	ported
Gfx::Rect::set_location [FloatRect]	luce-browser-render	gfx	float_rect_set_location	Libraries/LibGfx/Rect.h:89	ported
Gfx::Rect::set_primary_offset_for_orientation [CssPixelRect]	luce-browser-render	gfx	css_pixel_rect_set_primary_offset_for_orientation	Libraries/LibGfx/Rect.h:322	ported
Gfx::Rect::set_primary_offset_for_orientation [DevicePixelRect]	luce-browser-render	gfx	device_pixel_rect_set_primary_offset_for_orientation	Libraries/LibGfx/Rect.h:322	ported
Gfx::Rect::set_primary_offset_for_orientation [FloatRect]	luce-browser-render	gfx	float_rect_set_primary_offset_for_orientation	Libraries/LibGfx/Rect.h:322	ported
Gfx::Rect::set_primary_size_for_orientation [CssPixelRect]	luce-browser-render	gfx	css_pixel_rect_set_primary_size_for_orientation	Libraries/LibGfx/Rect.h:330	ported
Gfx::Rect::set_primary_size_for_orientation [DevicePixelRect]	luce-browser-render	gfx	device_pixel_rect_set_primary_size_for_orientation	Libraries/LibGfx/Rect.h:330	ported
Gfx::Rect::set_primary_size_for_orientation [FloatRect]	luce-browser-render	gfx	float_rect_set_primary_size_for_orientation	Libraries/LibGfx/Rect.h:330	ported
Gfx::Rect::set_right [CssPixelRect]	luce-browser-render	gfx	css_pixel_rect_set_right	Libraries/LibGfx/Rect.h:370	ported
Gfx::Rect::set_right [DevicePixelRect]	luce-browser-render	gfx	device_pixel_rect_set_right	Libraries/LibGfx/Rect.h:370	ported
Gfx::Rect::set_right [FloatRect]	luce-browser-render	gfx	float_rect_set_right	Libraries/LibGfx/Rect.h:370	ported
Gfx::Rect::set_right_without_resize [CssPixelRect]	luce-browser-render	gfx	css_pixel_rect_set_right_without_resize	Libraries/LibGfx/Rect.h:373	ported
Gfx::Rect::set_right_without_resize [DevicePixelRect]	luce-browser-render	gfx	device_pixel_rect_set_right_without_resize	Libraries/LibGfx/Rect.h:373	ported
Gfx::Rect::set_right_without_resize [FloatRect]	luce-browser-render	gfx	float_rect_set_right_without_resize	Libraries/LibGfx/Rect.h:373	ported
Gfx::Rect::set_secondary_offset_for_orientation [CssPixelRect]	luce-browser-render	gfx	css_pixel_rect_set_secondary_offset_for_orientation	Libraries/LibGfx/Rect.h:324	ported
Gfx::Rect::set_secondary_offset_for_orientation [DevicePixelRect]	luce-browser-render	gfx	device_pixel_rect_set_secondary_offset_for_orientation	Libraries/LibGfx/Rect.h:324	ported
Gfx::Rect::set_secondary_offset_for_orientation [FloatRect]	luce-browser-render	gfx	float_rect_set_secondary_offset_for_orientation	Libraries/LibGfx/Rect.h:324	ported
Gfx::Rect::set_secondary_size_for_orientation [CssPixelRect]	luce-browser-render	gfx	css_pixel_rect_set_secondary_size_for_orientation	Libraries/LibGfx/Rect.h:331	ported
Gfx::Rect::set_secondary_size_for_orientation [DevicePixelRect]	luce-browser-render	gfx	device_pixel_rect_set_secondary_size_for_orientation	Libraries/LibGfx/Rect.h:331	ported
Gfx::Rect::set_secondary_size_for_orientation [FloatRect]	luce-browser-render	gfx	float_rect_set_secondary_size_for_orientation	Libraries/LibGfx/Rect.h:331	ported
Gfx::Rect::set_size [CssPixelRect]	luce-browser-render	gfx	css_pixel_rect_set_size_css_pixel_size	Libraries/LibGfx/Rect.h:94	ported
Gfx::Rect::set_size [CssPixelRect]	luce-browser-render	gfx	css_pixel_rect_set_size_css_pixels	Libraries/LibGfx/Rect.h:99	ported
Gfx::Rect::set_size [DevicePixelRect]	luce-browser-render	gfx	device_pixel_rect_set_size_i32	Libraries/LibGfx/Rect.h:99	ported
Gfx::Rect::set_size [DevicePixelRect]	luce-browser-render	gfx	device_pixel_rect_set_size_int_size	Libraries/LibGfx/Rect.h:94	ported
Gfx::Rect::set_size [FloatRect]	luce-browser-render	gfx	float_rect_set_size_f32	Libraries/LibGfx/Rect.h:99	ported
Gfx::Rect::set_size [FloatRect]	luce-browser-render	gfx	float_rect_set_size_float_size	Libraries/LibGfx/Rect.h:94	ported
Gfx::Rect::set_top [CssPixelRect]	luce-browser-render	gfx	css_pixel_rect_set_top	Libraries/LibGfx/Rect.h:369	ported
Gfx::Rect::set_top [DevicePixelRect]	luce-browser-render	gfx	device_pixel_rect_set_top	Libraries/LibGfx/Rect.h:369	ported
Gfx::Rect::set_top [FloatRect]	luce-browser-render	gfx	float_rect_set_top	Libraries/LibGfx/Rect.h:369	ported
Gfx::Rect::set_width [CssPixelRect]	luce-browser-render	gfx	css_pixel_rect_set_width	Libraries/LibGfx/Rect.h:64	ported
Gfx::Rect::set_width [DevicePixelRect]	luce-browser-render	gfx	device_pixel_rect_set_width	Libraries/LibGfx/Rect.h:64	ported
Gfx::Rect::set_width [FloatRect]	luce-browser-render	gfx	float_rect_set_width	Libraries/LibGfx/Rect.h:64	ported
Gfx::Rect::set_x [CssPixelRect]	luce-browser-render	gfx	css_pixel_rect_set_x	Libraries/LibGfx/Rect.h:62	ported
Gfx::Rect::set_x [DevicePixelRect]	luce-browser-render	gfx	device_pixel_rect_set_x	Libraries/LibGfx/Rect.h:62	ported
Gfx::Rect::set_x [FloatRect]	luce-browser-render	gfx	float_rect_set_x	Libraries/LibGfx/Rect.h:62	ported
Gfx::Rect::set_y [CssPixelRect]	luce-browser-render	gfx	css_pixel_rect_set_y	Libraries/LibGfx/Rect.h:63	ported
Gfx::Rect::set_y [DevicePixelRect]	luce-browser-render	gfx	device_pixel_rect_set_y	Libraries/LibGfx/Rect.h:63	ported
Gfx::Rect::set_y [FloatRect]	luce-browser-render	gfx	float_rect_set_y	Libraries/LibGfx/Rect.h:63	ported
Gfx::Rect::shrink [CssPixelRect]	luce-browser-render	gfx	css_pixel_rect_shrink_css_pixel_size	Libraries/LibGfx/Rect.h:145	ported
Gfx::Rect::shrink [CssPixelRect]	luce-browser-render	gfx	css_pixel_rect_shrink_css_pixels_css_pixels	Libraries/LibGfx/Rect.h:129	ported
Gfx::Rect::shrink [CssPixelRect]	luce-browser-render	gfx	css_pixel_rect_shrink_css_pixels_css_pixels_css_pixels	Libraries/LibGfx/Rect.h:137	ported
Gfx::Rect::shrink [DevicePixelRect]	luce-browser-render	gfx	device_pixel_rect_shrink_i32_i32	Libraries/LibGfx/Rect.h:129	ported
Gfx::Rect::shrink [DevicePixelRect]	luce-browser-render	gfx	device_pixel_rect_shrink_i32_i32_i32	Libraries/LibGfx/Rect.h:137	ported
Gfx::Rect::shrink [DevicePixelRect]	luce-browser-render	gfx	device_pixel_rect_shrink_int_size	Libraries/LibGfx/Rect.h:145	ported
Gfx::Rect::shrink [FloatRect]	luce-browser-render	gfx	float_rect_shrink_f32_f32	Libraries/LibGfx/Rect.h:129	ported
Gfx::Rect::shrink [FloatRect]	luce-browser-render	gfx	float_rect_shrink_f32_f32_f32	Libraries/LibGfx/Rect.h:137	ported
Gfx::Rect::shrink [FloatRect]	luce-browser-render	gfx	float_rect_shrink_float_size	Libraries/LibGfx/Rect.h:145	ported
Gfx::Rect::shrunken [CssPixelRect]	luce-browser-render	gfx	css_pixel_rect_shrunken_css_pixel_size	Libraries/LibGfx/Rect.h:209	ported
Gfx::Rect::shrunken [CssPixelRect]	luce-browser-render	gfx	css_pixel_rect_shrunken_css_pixels_css_pixels	Libraries/LibGfx/Rect.h:195	ported
Gfx::Rect::shrunken [CssPixelRect]	luce-browser-render	gfx	css_pixel_rect_shrunken_css_pixels_css_pixels_css_pixels	Libraries/LibGfx/Rect.h:202	ported
Gfx::Rect::shrunken [DevicePixelRect]	luce-browser-render	gfx	device_pixel_rect_shrunken_i32_i32	Libraries/LibGfx/Rect.h:195	ported
Gfx::Rect::shrunken [DevicePixelRect]	luce-browser-render	gfx	device_pixel_rect_shrunken_i32_i32_i32	Libraries/LibGfx/Rect.h:202	ported
Gfx::Rect::shrunken [DevicePixelRect]	luce-browser-render	gfx	device_pixel_rect_shrunken_int_size	Libraries/LibGfx/Rect.h:209	ported
Gfx::Rect::shrunken [FloatRect]	luce-browser-render	gfx	float_rect_shrunken_f32_f32	Libraries/LibGfx/Rect.h:195	ported
Gfx::Rect::shrunken [FloatRect]	luce-browser-render	gfx	float_rect_shrunken_f32_f32_f32	Libraries/LibGfx/Rect.h:202	ported
Gfx::Rect::shrunken [FloatRect]	luce-browser-render	gfx	float_rect_shrunken_float_size	Libraries/LibGfx/Rect.h:209	ported
Gfx::Rect::size [CssPixelRect]	luce-browser-render	gfx	css_pixel_rect_size	Libraries/LibGfx/Rect.h:68	ported
Gfx::Rect::size [DevicePixelRect]	luce-browser-render	gfx	device_pixel_rect_size	Libraries/LibGfx/Rect.h:68	ported
Gfx::Rect::size [FloatRect]	luce-browser-render	gfx	float_rect_size	Libraries/LibGfx/Rect.h:68	ported
Gfx::Rect::take_from_bottom [CssPixelRect]	luce-browser-render	gfx	css_pixel_rect_take_from_bottom	Libraries/LibGfx/Rect.h:270	ported
Gfx::Rect::take_from_bottom [DevicePixelRect]	luce-browser-render	gfx	device_pixel_rect_take_from_bottom	Libraries/LibGfx/Rect.h:270	ported
Gfx::Rect::take_from_bottom [FloatRect]	luce-browser-render	gfx	float_rect_take_from_bottom	Libraries/LibGfx/Rect.h:270	ported
Gfx::Rect::take_from_left [CssPixelRect]	luce-browser-render	gfx	css_pixel_rect_take_from_left	Libraries/LibGfx/Rect.h:248	ported
Gfx::Rect::take_from_left [DevicePixelRect]	luce-browser-render	gfx	device_pixel_rect_take_from_left	Libraries/LibGfx/Rect.h:248	ported
Gfx::Rect::take_from_left [FloatRect]	luce-browser-render	gfx	float_rect_take_from_left	Libraries/LibGfx/Rect.h:248	ported
Gfx::Rect::take_from_right [CssPixelRect]	luce-browser-render	gfx	css_pixel_rect_take_from_right	Libraries/LibGfx/Rect.h:237	ported
Gfx::Rect::take_from_right [DevicePixelRect]	luce-browser-render	gfx	device_pixel_rect_take_from_right	Libraries/LibGfx/Rect.h:237	ported
Gfx::Rect::take_from_right [FloatRect]	luce-browser-render	gfx	float_rect_take_from_right	Libraries/LibGfx/Rect.h:237	ported
Gfx::Rect::take_from_top [CssPixelRect]	luce-browser-render	gfx	css_pixel_rect_take_from_top	Libraries/LibGfx/Rect.h:259	ported
Gfx::Rect::take_from_top [DevicePixelRect]	luce-browser-render	gfx	device_pixel_rect_take_from_top	Libraries/LibGfx/Rect.h:259	ported
Gfx::Rect::take_from_top [FloatRect]	luce-browser-render	gfx	float_rect_take_from_top	Libraries/LibGfx/Rect.h:259	ported
Gfx::Rect::to_byte_string [CssPixelRect]	luce-browser-render	gfx	css_pixel_rect_to_byte_string	Libraries/LibGfx/Rect.h:581	dropped
Gfx::Rect::to_byte_string [DevicePixelRect]	luce-browser-render	gfx	device_pixel_rect_to_byte_string	Libraries/LibGfx/Rect.h:581	ported
Gfx::Rect::to_byte_string [FloatRect]	luce-browser-render	gfx	float_rect_to_byte_string	Libraries/LibGfx/Rect.h:581	ported
Gfx::Rect::to_rounded<int> [FloatRect]	luce-browser-render	gfx	float_rect_to_rounded_i32	Libraries/LibGfx/Rect.h:571	ported
Gfx::Rect::to_type<CSSPixels> [DevicePixelRect]	luce-browser-render	gfx	device_pixel_rect_to_type_css_pixels	Libraries/LibGfx/Rect.h:530	ported
Gfx::Rect::to_type<CSSPixels> [FloatRect]	luce-browser-render	gfx	float_rect_to_type_css_pixels	Libraries/LibGfx/Rect.h:530	ported
Gfx::Rect::to_type<float> [CssPixelRect]	luce-browser-render	gfx	css_pixel_rect_to_type_f32	Libraries/LibGfx/Rect.h:530	ported
Gfx::Rect::to_type<float> [DevicePixelRect]	luce-browser-render	gfx	device_pixel_rect_to_type_f32	Libraries/LibGfx/Rect.h:530	ported
Gfx::Rect::to_type<int> [CssPixelRect]	luce-browser-render	gfx	css_pixel_rect_to_type_i32	Libraries/LibGfx/Rect.h:530	ported
Gfx::Rect::to_type<int> [FloatRect]	luce-browser-render	gfx	float_rect_to_type_i32	Libraries/LibGfx/Rect.h:530	ported
Gfx::Rect::top [CssPixelRect]	luce-browser-render	gfx	css_pixel_rect_top	Libraries/LibGfx/Rect.h:365	ported
Gfx::Rect::top [DevicePixelRect]	luce-browser-render	gfx	device_pixel_rect_top	Libraries/LibGfx/Rect.h:365	ported
Gfx::Rect::top [FloatRect]	luce-browser-render	gfx	float_rect_top	Libraries/LibGfx/Rect.h:365	ported
Gfx::Rect::top_left [CssPixelRect]	luce-browser-render	gfx	css_pixel_rect_top_left	Libraries/LibGfx/Rect.h:505	ported
Gfx::Rect::top_left [DevicePixelRect]	luce-browser-render	gfx	device_pixel_rect_top_left	Libraries/LibGfx/Rect.h:505	ported
Gfx::Rect::top_left [FloatRect]	luce-browser-render	gfx	float_rect_top_left	Libraries/LibGfx/Rect.h:505	ported
Gfx::Rect::top_right [CssPixelRect]	luce-browser-render	gfx	css_pixel_rect_top_right	Libraries/LibGfx/Rect.h:506	ported
Gfx::Rect::top_right [DevicePixelRect]	luce-browser-render	gfx	device_pixel_rect_top_right	Libraries/LibGfx/Rect.h:506	ported
Gfx::Rect::top_right [FloatRect]	luce-browser-render	gfx	float_rect_top_right	Libraries/LibGfx/Rect.h:506	ported
Gfx::Rect::translate_by [CssPixelRect]	luce-browser-render	gfx	css_pixel_rect_translate_by_css_pixel_point	Libraries/LibGfx/Rect.h:74	ported
Gfx::Rect::translate_by [CssPixelRect]	luce-browser-render	gfx	css_pixel_rect_translate_by_css_pixels	Libraries/LibGfx/Rect.h:73	ported
Gfx::Rect::translate_by [CssPixelRect]	luce-browser-render	gfx	css_pixel_rect_translate_by_css_pixels_css_pixels	Libraries/LibGfx/Rect.h:72	ported
Gfx::Rect::translate_by [DevicePixelRect]	luce-browser-render	gfx	device_pixel_rect_translate_by_i32	Libraries/LibGfx/Rect.h:73	ported
Gfx::Rect::translate_by [DevicePixelRect]	luce-browser-render	gfx	device_pixel_rect_translate_by_i32_i32	Libraries/LibGfx/Rect.h:72	ported
Gfx::Rect::translate_by [DevicePixelRect]	luce-browser-render	gfx	device_pixel_rect_translate_by_int_point	Libraries/LibGfx/Rect.h:74	ported
Gfx::Rect::translate_by [FloatRect]	luce-browser-render	gfx	float_rect_translate_by_f32	Libraries/LibGfx/Rect.h:73	ported
Gfx::Rect::translate_by [FloatRect]	luce-browser-render	gfx	float_rect_translate_by_f32_f32	Libraries/LibGfx/Rect.h:72	ported
Gfx::Rect::translate_by [FloatRect]	luce-browser-render	gfx	float_rect_translate_by_float_point	Libraries/LibGfx/Rect.h:74	ported
Gfx::Rect::translate_primary_offset_for_orientation [CssPixelRect]	luce-browser-render	gfx	css_pixel_rect_translate_primary_offset_for_orientation	Libraries/LibGfx/Rect.h:325	ported
Gfx::Rect::translate_primary_offset_for_orientation [DevicePixelRect]	luce-browser-render	gfx	device_pixel_rect_translate_primary_offset_for_orientation	Libraries/LibGfx/Rect.h:325	ported
Gfx::Rect::translate_primary_offset_for_orientation [FloatRect]	luce-browser-render	gfx	float_rect_translate_primary_offset_for_orientation	Libraries/LibGfx/Rect.h:325	ported
Gfx::Rect::translate_secondary_offset_for_orientation [CssPixelRect]	luce-browser-render	gfx	css_pixel_rect_translate_secondary_offset_for_orientation	Libraries/LibGfx/Rect.h:326	ported
Gfx::Rect::translate_secondary_offset_for_orientation [DevicePixelRect]	luce-browser-render	gfx	device_pixel_rect_translate_secondary_offset_for_orientation	Libraries/LibGfx/Rect.h:326	ported
Gfx::Rect::translate_secondary_offset_for_orientation [FloatRect]	luce-browser-render	gfx	float_rect_translate_secondary_offset_for_orientation	Libraries/LibGfx/Rect.h:326	ported
Gfx::Rect::translated [CssPixelRect]	luce-browser-render	gfx	css_pixel_rect_translated_css_pixel_point	Libraries/LibGfx/Rect.h:167	ported
Gfx::Rect::translated [CssPixelRect]	luce-browser-render	gfx	css_pixel_rect_translated_css_pixels	Libraries/LibGfx/Rect.h:160	ported
Gfx::Rect::translated [CssPixelRect]	luce-browser-render	gfx	css_pixel_rect_translated_css_pixels_css_pixels	Libraries/LibGfx/Rect.h:153	ported
Gfx::Rect::translated [DevicePixelRect]	luce-browser-render	gfx	device_pixel_rect_translated_i32	Libraries/LibGfx/Rect.h:160	ported
Gfx::Rect::translated [DevicePixelRect]	luce-browser-render	gfx	device_pixel_rect_translated_i32_i32	Libraries/LibGfx/Rect.h:153	ported
Gfx::Rect::translated [DevicePixelRect]	luce-browser-render	gfx	device_pixel_rect_translated_int_point	Libraries/LibGfx/Rect.h:167	ported
Gfx::Rect::translated [FloatRect]	luce-browser-render	gfx	float_rect_translated_f32	Libraries/LibGfx/Rect.h:160	ported
Gfx::Rect::translated [FloatRect]	luce-browser-render	gfx	float_rect_translated_f32_f32	Libraries/LibGfx/Rect.h:153	ported
Gfx::Rect::translated [FloatRect]	luce-browser-render	gfx	float_rect_translated_float_point	Libraries/LibGfx/Rect.h:167	ported
Gfx::Rect::unite [CssPixelRect]	luce-browser-render	gfx	css_pixel_rect_unite	Libraries/LibGfx/Rect.h:470	ported
Gfx::Rect::unite [DevicePixelRect]	luce-browser-render	gfx	device_pixel_rect_unite	Libraries/LibGfx/Rect.h:470	ported
Gfx::Rect::unite [FloatRect]	luce-browser-render	gfx	float_rect_unite	Libraries/LibGfx/Rect.h:470	ported
Gfx::Rect::unite_horizontally [CssPixelRect]	luce-browser-render	gfx	css_pixel_rect_unite_horizontally	Libraries/LibGfx/Rect.h:482	ported
Gfx::Rect::unite_horizontally [DevicePixelRect]	luce-browser-render	gfx	device_pixel_rect_unite_horizontally	Libraries/LibGfx/Rect.h:482	ported
Gfx::Rect::unite_horizontally [FloatRect]	luce-browser-render	gfx	float_rect_unite_horizontally	Libraries/LibGfx/Rect.h:482	ported
Gfx::Rect::unite_vertically [CssPixelRect]	luce-browser-render	gfx	css_pixel_rect_unite_vertically	Libraries/LibGfx/Rect.h:490	ported
Gfx::Rect::unite_vertically [DevicePixelRect]	luce-browser-render	gfx	device_pixel_rect_unite_vertically	Libraries/LibGfx/Rect.h:490	ported
Gfx::Rect::unite_vertically [FloatRect]	luce-browser-render	gfx	float_rect_unite_vertically	Libraries/LibGfx/Rect.h:490	ported
Gfx::Rect::united [CssPixelRect]	luce-browser-render	gfx	css_pixel_rect_united	Libraries/LibGfx/Rect.h:498	ported
Gfx::Rect::united [DevicePixelRect]	luce-browser-render	gfx	device_pixel_rect_united	Libraries/LibGfx/Rect.h:498	ported
Gfx::Rect::united [FloatRect]	luce-browser-render	gfx	float_rect_united	Libraries/LibGfx/Rect.h:498	ported
Gfx::Rect::width [CssPixelRect]	luce-browser-render	gfx	css_pixel_rect_width	Libraries/LibGfx/Rect.h:59	ported
Gfx::Rect::width [DevicePixelRect]	luce-browser-render	gfx	device_pixel_rect_width	Libraries/LibGfx/Rect.h:59	ported
Gfx::Rect::width [FloatRect]	luce-browser-render	gfx	float_rect_width	Libraries/LibGfx/Rect.h:59	ported
Gfx::Rect::x [CssPixelRect]	luce-browser-render	gfx	css_pixel_rect_x	Libraries/LibGfx/Rect.h:57	ported
Gfx::Rect::x [DevicePixelRect]	luce-browser-render	gfx	device_pixel_rect_x	Libraries/LibGfx/Rect.h:57	ported
Gfx::Rect::x [FloatRect]	luce-browser-render	gfx	float_rect_x	Libraries/LibGfx/Rect.h:57	ported
Gfx::Rect::y [CssPixelRect]	luce-browser-render	gfx	css_pixel_rect_y	Libraries/LibGfx/Rect.h:58	ported
Gfx::Rect::y [DevicePixelRect]	luce-browser-render	gfx	device_pixel_rect_y	Libraries/LibGfx/Rect.h:58	ported
Gfx::Rect::y [FloatRect]	luce-browser-render	gfx	float_rect_y	Libraries/LibGfx/Rect.h:58	ported
Gfx::Rect<AK::DistinctNumeric<i32, Web::__DevicePixels_tag, AK::DistinctNumericFeature::Arithmetic, AK::DistinctNumericFeature::CastToUnderlying, AK::DistinctNumericFeature::Comparison, AK::DistinctNumericFeature::Increment>>	luce-browser-render	gfx	DevicePixelRect	Libraries/LibGfx/Rect.h:20	instantiation
Gfx::Rect<Web::CSSPixels>	luce-browser-render	gfx	CssPixelRect	Libraries/LibGfx/Rect.h:20	instantiation
Gfx::Rect<f32>	luce-browser-render	gfx	FloatRect	Libraries/LibGfx/Rect.h:20	instantiation
Gfx::SVGGradientPaintStyle	luce-browser-render	gfx	SvgGradientPaintStyle	Libraries/LibGfx/PaintStyle.h:183	struct
Gfx::SVGGradientPaintStyle [default member initializers]	luce-browser-render	gfx	svg_gradient_paint_style_init_fields	Libraries/LibGfx/PaintStyle.h:183	init fields
Gfx::SVGGradientPaintStyle::SpreadMethod	luce-browser-render	gfx	SvgGradientPaintStyleSpreadMethod	Libraries/LibGfx/PaintStyle.h:187	enum
Gfx::SVGGradientPaintStyle::gradient_transform_scale	luce-browser-render	gfx	svg_gradient_paint_style_gradient_transform_scale	Libraries/LibGfx/PaintStyle.h:200	ported
Gfx::SVGGradientPaintStyle::scale_adjusted_inverse_gradient_transform	luce-browser-render	gfx	svg_gradient_paint_style_scale_adjusted_inverse_gradient_transform	Libraries/LibGfx/PaintStyle.h:199	ported
Gfx::SVGGradientPaintStyle::set_gradient_transform	luce-browser-render	gfx	svg_gradient_paint_style_set_gradient_transform	Libraries/LibGfx/GradientPainting.cpp:43	ported
Gfx::SVGGradientPaintStyle::set_spread_method	luce-browser-render	gfx	svg_gradient_paint_style_set_spread_method	Libraries/LibGfx/PaintStyle.h:193	ported
Gfx::SVGGradientPaintStyle::spread_method	luce-browser-render	gfx	svg_gradient_paint_style_spread_method	Libraries/LibGfx/PaintStyle.h:201	ported
Gfx::SVGLinearGradientPaintStyle	luce-browser-render	gfx	SvgLinearGradientPaintStyle	Libraries/LibGfx/PaintStyle.h:209	struct
Gfx::SVGLinearGradientPaintStyle::SVGLinearGradientPaintStyle	luce-browser-render	gfx	svg_linear_gradient_paint_style_construct	Libraries/LibGfx/PaintStyle.h:226	construct
Gfx::SVGLinearGradientPaintStyle::create	luce-browser-render	gfx	svg_linear_gradient_paint_style_create	Libraries/LibGfx/PaintStyle.h:211	ported
Gfx::SVGLinearGradientPaintStyle::set_end_point	luce-browser-render	gfx	svg_linear_gradient_paint_style_set_end_point	Libraries/LibGfx/PaintStyle.h:221	ported
Gfx::SVGLinearGradientPaintStyle::set_start_point	luce-browser-render	gfx	svg_linear_gradient_paint_style_set_start_point	Libraries/LibGfx/PaintStyle.h:216	ported
Gfx::SVGRadialGradientPaintStyle	luce-browser-render	gfx	SvgRadialGradientPaintStyle	Libraries/LibGfx/PaintStyle.h:237	struct
Gfx::SVGRadialGradientPaintStyle::SVGRadialGradientPaintStyle	luce-browser-render	gfx	svg_radial_gradient_paint_style_construct	Libraries/LibGfx/PaintStyle.h:264	construct
Gfx::SVGRadialGradientPaintStyle::create	luce-browser-render	gfx	svg_radial_gradient_paint_style_create	Libraries/LibGfx/PaintStyle.h:239	ported
Gfx::SVGRadialGradientPaintStyle::set_end_center	luce-browser-render	gfx	svg_radial_gradient_paint_style_set_end_center	Libraries/LibGfx/PaintStyle.h:254	ported
Gfx::SVGRadialGradientPaintStyle::set_end_radius	luce-browser-render	gfx	svg_radial_gradient_paint_style_set_end_radius	Libraries/LibGfx/PaintStyle.h:259	ported
Gfx::SVGRadialGradientPaintStyle::set_start_center	luce-browser-render	gfx	svg_radial_gradient_paint_style_set_start_center	Libraries/LibGfx/PaintStyle.h:244	ported
Gfx::SVGRadialGradientPaintStyle::set_start_radius	luce-browser-render	gfx	svg_radial_gradient_paint_style_set_start_radius	Libraries/LibGfx/PaintStyle.h:249	ported
Gfx::ScaledFontMetrics	luce-browser-render	web_fonts	ScaledFontMetrics	Libraries/LibGfx/Font/Typeface.h:29	struct
Gfx::ScaledFontMetrics::height	luce-browser-render	web_fonts	scaled_font_metrics_height	Libraries/LibGfx/Font/Typeface.h:35	ported
Gfx::ScalingMode	luce-browser-render	gfx	ScalingMode	Libraries/LibGfx/ScalingMode.h:12	enum
Gfx::ShapeFeature	luce-browser-render	web_fonts	ShapeFeature	Libraries/LibGfx/ShapeFeature.h:13	struct
Gfx::ShareableBitmap	luce-browser-render	gfx	ShareableBitmap	Libraries/LibGfx/ShareableBitmap.h:15	struct
Gfx::ShareableBitmap::ShareableBitmap	luce-browser-render	gfx	shareable_bitmap_construct	Libraries/LibGfx/ShareableBitmap.cpp:16	construct
Gfx::ShareableBitmap::ShareableBitmap	luce-browser-render	gfx	shareable_bitmap_construct_bitmap	Libraries/LibGfx/ShareableBitmap.cpp:18	construct
Gfx::ShareableBitmap::Tag	luce-browser-render	gfx	ShareableBitmapTag	Libraries/LibGfx/ShareableBitmap.h:19	enum
Gfx::ShareableBitmap::bitmap	luce-browser-render	gfx	shareable_bitmap_bitmap	Libraries/LibGfx/ShareableBitmap.cpp:34	ported
Gfx::ShareableBitmap::bitmap	luce-browser-render	gfx	shareable_bitmap_bitmap_const	Libraries/LibGfx/ShareableBitmap.cpp:33	ported
Gfx::ShareableBitmap::is_valid	luce-browser-render	gfx	shareable_bitmap_is_valid	Libraries/LibGfx/ShareableBitmap.cpp:31	ported
Gfx::SharedImage	luce-browser-render	gfx	SharedImage	Libraries/LibGfx/SharedImage.h:44	opaque
Gfx::SharedImageBuffer	luce-browser-render	gfx	SharedImageBuffer	Libraries/LibGfx/SharedImageBuffer.h:20	opaque
Gfx::Size	luce-browser-render	gfx	Size	Libraries/LibGfx/Size.h:17	opaque
Gfx::Size::Size<T> [CssPixelSize]	luce-browser-render	gfx	css_pixel_size_construct	Libraries/LibGfx/Size.h:21	construct
Gfx::Size::Size<T> [CssPixelSize]	luce-browser-render	gfx	css_pixel_size_construct_int	Libraries/LibGfx/Size.h:28	ported
Gfx::Size::Size<T> [FloatSize]	luce-browser-render	gfx	float_size_construct	Libraries/LibGfx/Size.h:21	construct
Gfx::Size::Size<T> [FloatSize]	luce-browser-render	gfx	float_size_construct_i32	Libraries/LibGfx/Size.h:28	ported
Gfx::Size::Size<T> [IntSize]	luce-browser-render	gfx	int_size_construct	Libraries/LibGfx/Size.h:21	construct
Gfx::Size::Size<T> [IntSize]	luce-browser-render	gfx	int_size_construct_f32	Libraries/LibGfx/Size.h:28	ported
Gfx::Size::Size<T> [SizeOfU32]	luce-browser-render	gfx	size_of_u32_construct	Libraries/LibGfx/Size.h:21	construct
Gfx::Size::Size<T> [SizeOfU32]	luce-browser-render	gfx	size_of_u32_construct_i32	Libraries/LibGfx/Size.h:28	ported
Gfx::Size::Size<T><CSSPixels> [FloatSize]	luce-browser-render	gfx	float_size_to_type_css_pixels	Libraries/LibGfx/Size.h:35	ported
Gfx::Size::Size<T><CSSPixels> [IntSize]	luce-browser-render	gfx	int_size_to_type_css_pixels	Libraries/LibGfx/Size.h:35	ported
Gfx::Size::Size<T><CSSPixels> [SizeOfU32]	luce-browser-render	gfx	size_of_u32_to_type_css_pixels	Libraries/LibGfx/Size.h:35	ported
Gfx::Size::Size<T><float> [CssPixelSize]	luce-browser-render	gfx	css_pixel_size_to_type_f32	Libraries/LibGfx/Size.h:35	ported
Gfx::Size::Size<T><float> [IntSize]	luce-browser-render	gfx	int_size_to_type_f32	Libraries/LibGfx/Size.h:35	ported
Gfx::Size::Size<T><int> [CssPixelSize]	luce-browser-render	gfx	css_pixel_size_to_type_i32	Libraries/LibGfx/Size.h:35	ported
Gfx::Size::Size<T><int> [FloatSize]	luce-browser-render	gfx	float_size_to_type_i32	Libraries/LibGfx/Size.h:35	ported
Gfx::Size::Size<T><int> [SizeOfU32]	luce-browser-render	gfx	size_of_u32_to_type_i32	Libraries/LibGfx/Size.h:35	ported
Gfx::Size::area [CssPixelSize]	luce-browser-render	gfx	css_pixel_size_area	Libraries/LibGfx/Size.h:43	ported
Gfx::Size::area [FloatSize]	luce-browser-render	gfx	float_size_area	Libraries/LibGfx/Size.h:43	ported
Gfx::Size::area [IntSize]	luce-browser-render	gfx	int_size_area	Libraries/LibGfx/Size.h:43	ported
Gfx::Size::area [SizeOfU32]	luce-browser-render	gfx	size_of_u32_area	Libraries/LibGfx/Size.h:43	ported
Gfx::Size::aspect_ratio [CssPixelSize]	luce-browser-render	gfx	css_pixel_size_aspect_ratio	Libraries/LibGfx/Size.h:80	ported
Gfx::Size::aspect_ratio [FloatSize]	luce-browser-render	gfx	float_size_aspect_ratio	Libraries/LibGfx/Size.h:80	ported
Gfx::Size::aspect_ratio [IntSize]	luce-browser-render	gfx	int_size_aspect_ratio	Libraries/LibGfx/Size.h:80	ported
Gfx::Size::aspect_ratio [SizeOfU32]	luce-browser-render	gfx	size_of_u32_aspect_ratio	Libraries/LibGfx/Size.h:80	ported
Gfx::Size::contains [CssPixelSize]	luce-browser-render	gfx	css_pixel_size_contains	Libraries/LibGfx/Size.h:106	ported
Gfx::Size::contains [FloatSize]	luce-browser-render	gfx	float_size_contains	Libraries/LibGfx/Size.h:106	ported
Gfx::Size::contains [IntSize]	luce-browser-render	gfx	int_size_contains	Libraries/LibGfx/Size.h:106	ported
Gfx::Size::contains [SizeOfU32]	luce-browser-render	gfx	size_of_u32_contains	Libraries/LibGfx/Size.h:106	ported
Gfx::Size::height [CssPixelSize]	luce-browser-render	gfx	css_pixel_size_height	Libraries/LibGfx/Size.h:42	ported
Gfx::Size::height [FloatSize]	luce-browser-render	gfx	float_size_height	Libraries/LibGfx/Size.h:42	ported
Gfx::Size::height [IntSize]	luce-browser-render	gfx	int_size_height	Libraries/LibGfx/Size.h:42	ported
Gfx::Size::height [SizeOfU32]	luce-browser-render	gfx	size_of_u32_height	Libraries/LibGfx/Size.h:42	ported
Gfx::Size::is_empty [CssPixelSize]	luce-browser-render	gfx	css_pixel_size_is_empty	Libraries/LibGfx/Size.h:48	ported
Gfx::Size::is_empty [FloatSize]	luce-browser-render	gfx	float_size_is_empty	Libraries/LibGfx/Size.h:48	ported
Gfx::Size::is_empty [IntSize]	luce-browser-render	gfx	int_size_is_empty	Libraries/LibGfx/Size.h:48	ported
Gfx::Size::is_empty [SizeOfU32]	luce-browser-render	gfx	size_of_u32_is_empty	Libraries/LibGfx/Size.h:48	ported
Gfx::Size::match_aspect_ratio [CssPixelSize]	luce-browser-render	gfx	css_pixel_size_match_aspect_ratio	Libraries/LibGfx/Size.h:87	ported
Gfx::Size::match_aspect_ratio [FloatSize]	luce-browser-render	gfx	float_size_match_aspect_ratio	Libraries/LibGfx/Size.h:87	ported
Gfx::Size::match_aspect_ratio [IntSize]	luce-browser-render	gfx	int_size_match_aspect_ratio	Libraries/LibGfx/Size.h:87	ported
Gfx::Size::match_aspect_ratio [SizeOfU32]	luce-browser-render	gfx	size_of_u32_match_aspect_ratio	Libraries/LibGfx/Size.h:87	ported
Gfx::Size::operator* [CssPixelSize]	luce-browser-render	gfx	css_pixel_size_mul	Libraries/LibGfx/Size.h:131	ported
Gfx::Size::operator* [FloatSize]	luce-browser-render	gfx	float_size_mul	Libraries/LibGfx/Size.h:131	ported
Gfx::Size::operator* [IntSize]	luce-browser-render	gfx	int_size_mul	Libraries/LibGfx/Size.h:131	ported
Gfx::Size::operator* [SizeOfU32]	luce-browser-render	gfx	size_of_u32_mul	Libraries/LibGfx/Size.h:131	ported
Gfx::Size::operator*= [CssPixelSize]	luce-browser-render	gfx	css_pixel_size_mul_assign	Libraries/LibGfx/Size.h:133	ported
Gfx::Size::operator*= [FloatSize]	luce-browser-render	gfx	float_size_mul_assign	Libraries/LibGfx/Size.h:133	ported
Gfx::Size::operator*= [IntSize]	luce-browser-render	gfx	int_size_mul_assign	Libraries/LibGfx/Size.h:133	ported
Gfx::Size::operator*= [SizeOfU32]	luce-browser-render	gfx	size_of_u32_mul_assign	Libraries/LibGfx/Size.h:133	ported
Gfx::Size::operator+= [CssPixelSize]	luce-browser-render	gfx	css_pixel_size_add_assign	Libraries/LibGfx/Size.h:124	ported
Gfx::Size::operator+= [FloatSize]	luce-browser-render	gfx	float_size_add_assign	Libraries/LibGfx/Size.h:124	ported
Gfx::Size::operator+= [IntSize]	luce-browser-render	gfx	int_size_add_assign	Libraries/LibGfx/Size.h:124	ported
Gfx::Size::operator+= [SizeOfU32]	luce-browser-render	gfx	size_of_u32_add_assign	Libraries/LibGfx/Size.h:124	ported
Gfx::Size::operator-= [CssPixelSize]	luce-browser-render	gfx	css_pixel_size_sub_assign	Libraries/LibGfx/Size.h:117	ported
Gfx::Size::operator-= [FloatSize]	luce-browser-render	gfx	float_size_sub_assign	Libraries/LibGfx/Size.h:117	ported
Gfx::Size::operator-= [IntSize]	luce-browser-render	gfx	int_size_sub_assign	Libraries/LibGfx/Size.h:117	ported
Gfx::Size::operator-= [SizeOfU32]	luce-browser-render	gfx	size_of_u32_sub_assign	Libraries/LibGfx/Size.h:117	ported
Gfx::Size::operator== [CssPixelSize]	luce-browser-render	gfx	css_pixel_size_eq	Libraries/LibGfx/Size.h:112	ported
Gfx::Size::operator== [FloatSize]	luce-browser-render	gfx	float_size_eq	Libraries/LibGfx/Size.h:112	ported
Gfx::Size::operator== [IntSize]	luce-browser-render	gfx	int_size_eq	Libraries/LibGfx/Size.h:112	ported
Gfx::Size::operator== [SizeOfU32]	luce-browser-render	gfx	size_of_u32_eq	Libraries/LibGfx/Size.h:112	ported
Gfx::Size::primary_size_for_orientation [CssPixelSize]	luce-browser-render	gfx	css_pixel_size_primary_size_for_orientation	Libraries/LibGfx/Size.h:140	ported
Gfx::Size::primary_size_for_orientation [FloatSize]	luce-browser-render	gfx	float_size_primary_size_for_orientation	Libraries/LibGfx/Size.h:140	ported
Gfx::Size::primary_size_for_orientation [IntSize]	luce-browser-render	gfx	int_size_primary_size_for_orientation	Libraries/LibGfx/Size.h:140	ported
Gfx::Size::primary_size_for_orientation [SizeOfU32]	luce-browser-render	gfx	size_of_u32_primary_size_for_orientation	Libraries/LibGfx/Size.h:140	ported
Gfx::Size::scale_by [CssPixelSize]	luce-browser-render	gfx	css_pixel_size_scale_by_css_pixel_point	Libraries/LibGfx/Size.h:57	ported
Gfx::Size::scale_by [CssPixelSize]	luce-browser-render	gfx	css_pixel_size_scale_by_css_pixels	Libraries/LibGfx/Size.h:56	ported
Gfx::Size::scale_by [CssPixelSize]	luce-browser-render	gfx	css_pixel_size_scale_by_css_pixels_css_pixels	Libraries/LibGfx/Size.h:50	ported
Gfx::Size::scale_by [FloatSize]	luce-browser-render	gfx	float_size_scale_by_f32	Libraries/LibGfx/Size.h:56	ported
Gfx::Size::scale_by [FloatSize]	luce-browser-render	gfx	float_size_scale_by_f32_f32	Libraries/LibGfx/Size.h:50	ported
Gfx::Size::scale_by [FloatSize]	luce-browser-render	gfx	float_size_scale_by_float_point	Libraries/LibGfx/Size.h:57	ported
Gfx::Size::scale_by [IntSize]	luce-browser-render	gfx	int_size_scale_by_i32	Libraries/LibGfx/Size.h:56	ported
Gfx::Size::scale_by [IntSize]	luce-browser-render	gfx	int_size_scale_by_i32_i32	Libraries/LibGfx/Size.h:50	ported
Gfx::Size::scale_by [IntSize]	luce-browser-render	gfx	int_size_scale_by_int_point	Libraries/LibGfx/Size.h:57	ported
Gfx::Size::scale_by [SizeOfU32]	luce-browser-render	gfx	size_of_u32_scale_by_point	Libraries/LibGfx/Size.h:57	dropped
Gfx::Size::scale_by [SizeOfU32]	luce-browser-render	gfx	size_of_u32_scale_by_u32	Libraries/LibGfx/Size.h:56	ported
Gfx::Size::scale_by [SizeOfU32]	luce-browser-render	gfx	size_of_u32_scale_by_u32_u32	Libraries/LibGfx/Size.h:50	ported
Gfx::Size::scaled [CssPixelSize]	luce-browser-render	gfx	css_pixel_size_scaled_css_pixel_point	Libraries/LibGfx/Size.h:73	ported
Gfx::Size::scaled [CssPixelSize]	luce-browser-render	gfx	css_pixel_size_scaled_css_pixels	Libraries/LibGfx/Size.h:66	ported
Gfx::Size::scaled [CssPixelSize]	luce-browser-render	gfx	css_pixel_size_scaled_css_pixels_css_pixels	Libraries/LibGfx/Size.h:59	ported
Gfx::Size::scaled [FloatSize]	luce-browser-render	gfx	float_size_scaled_f32	Libraries/LibGfx/Size.h:66	ported
Gfx::Size::scaled [FloatSize]	luce-browser-render	gfx	float_size_scaled_f32_f32	Libraries/LibGfx/Size.h:59	ported
Gfx::Size::scaled [FloatSize]	luce-browser-render	gfx	float_size_scaled_float_point	Libraries/LibGfx/Size.h:73	ported
Gfx::Size::scaled [IntSize]	luce-browser-render	gfx	int_size_scaled_i32	Libraries/LibGfx/Size.h:66	ported
Gfx::Size::scaled [IntSize]	luce-browser-render	gfx	int_size_scaled_i32_i32	Libraries/LibGfx/Size.h:59	ported
Gfx::Size::scaled [IntSize]	luce-browser-render	gfx	int_size_scaled_int_point	Libraries/LibGfx/Size.h:73	ported
Gfx::Size::scaled [SizeOfU32]	luce-browser-render	gfx	size_of_u32_scaled_point	Libraries/LibGfx/Size.h:73	dropped
Gfx::Size::scaled [SizeOfU32]	luce-browser-render	gfx	size_of_u32_scaled_u32	Libraries/LibGfx/Size.h:66	ported
Gfx::Size::scaled [SizeOfU32]	luce-browser-render	gfx	size_of_u32_scaled_u32_u32	Libraries/LibGfx/Size.h:59	ported
Gfx::Size::secondary_size_for_orientation [CssPixelSize]	luce-browser-render	gfx	css_pixel_size_secondary_size_for_orientation	Libraries/LibGfx/Size.h:154	ported
Gfx::Size::secondary_size_for_orientation [FloatSize]	luce-browser-render	gfx	float_size_secondary_size_for_orientation	Libraries/LibGfx/Size.h:154	ported
Gfx::Size::secondary_size_for_orientation [IntSize]	luce-browser-render	gfx	int_size_secondary_size_for_orientation	Libraries/LibGfx/Size.h:154	ported
Gfx::Size::secondary_size_for_orientation [SizeOfU32]	luce-browser-render	gfx	size_of_u32_secondary_size_for_orientation	Libraries/LibGfx/Size.h:154	ported
Gfx::Size::set_height [CssPixelSize]	luce-browser-render	gfx	css_pixel_size_set_height	Libraries/LibGfx/Size.h:46	ported
Gfx::Size::set_height [FloatSize]	luce-browser-render	gfx	float_size_set_height	Libraries/LibGfx/Size.h:46	ported
Gfx::Size::set_height [IntSize]	luce-browser-render	gfx	int_size_set_height	Libraries/LibGfx/Size.h:46	ported
Gfx::Size::set_height [SizeOfU32]	luce-browser-render	gfx	size_of_u32_set_height	Libraries/LibGfx/Size.h:46	ported
Gfx::Size::set_primary_size_for_orientation [CssPixelSize]	luce-browser-render	gfx	css_pixel_size_set_primary_size_for_orientation	Libraries/LibGfx/Size.h:145	ported
Gfx::Size::set_primary_size_for_orientation [FloatSize]	luce-browser-render	gfx	float_size_set_primary_size_for_orientation	Libraries/LibGfx/Size.h:145	ported
Gfx::Size::set_primary_size_for_orientation [IntSize]	luce-browser-render	gfx	int_size_set_primary_size_for_orientation	Libraries/LibGfx/Size.h:145	ported
Gfx::Size::set_primary_size_for_orientation [SizeOfU32]	luce-browser-render	gfx	size_of_u32_set_primary_size_for_orientation	Libraries/LibGfx/Size.h:145	ported
Gfx::Size::set_secondary_size_for_orientation [CssPixelSize]	luce-browser-render	gfx	css_pixel_size_set_secondary_size_for_orientation	Libraries/LibGfx/Size.h:159	ported
Gfx::Size::set_secondary_size_for_orientation [FloatSize]	luce-browser-render	gfx	float_size_set_secondary_size_for_orientation	Libraries/LibGfx/Size.h:159	ported
Gfx::Size::set_secondary_size_for_orientation [IntSize]	luce-browser-render	gfx	int_size_set_secondary_size_for_orientation	Libraries/LibGfx/Size.h:159	ported
Gfx::Size::set_secondary_size_for_orientation [SizeOfU32]	luce-browser-render	gfx	size_of_u32_set_secondary_size_for_orientation	Libraries/LibGfx/Size.h:159	ported
Gfx::Size::set_width [CssPixelSize]	luce-browser-render	gfx	css_pixel_size_set_width	Libraries/LibGfx/Size.h:45	ported
Gfx::Size::set_width [FloatSize]	luce-browser-render	gfx	float_size_set_width	Libraries/LibGfx/Size.h:45	ported
Gfx::Size::set_width [IntSize]	luce-browser-render	gfx	int_size_set_width	Libraries/LibGfx/Size.h:45	ported
Gfx::Size::set_width [SizeOfU32]	luce-browser-render	gfx	size_of_u32_set_width	Libraries/LibGfx/Size.h:45	ported
Gfx::Size::to_byte_string [CssPixelSize]	luce-browser-render	gfx	css_pixel_size_to_byte_string	Libraries/LibGfx/Size.h:175	dropped
Gfx::Size::to_byte_string [FloatSize]	luce-browser-render	gfx	float_size_to_byte_string	Libraries/LibGfx/Size.h:175	ported
Gfx::Size::to_byte_string [IntSize]	luce-browser-render	gfx	int_size_to_byte_string	Libraries/LibGfx/Size.h:175	ported
Gfx::Size::to_byte_string [SizeOfU32]	luce-browser-render	gfx	size_of_u32_to_byte_string	Libraries/LibGfx/Size.h:175	dropped
Gfx::Size::to_rounded [CssPixelSize]	luce-browser-render	gfx	css_pixel_size_to_rounded	Libraries/LibGfx/Size.h:178	dropped
Gfx::Size::to_rounded [IntSize]	luce-browser-render	gfx	int_size_to_rounded	Libraries/LibGfx/Size.h:178	dropped
Gfx::Size::to_rounded [SizeOfU32]	luce-browser-render	gfx	size_of_u32_to_rounded	Libraries/LibGfx/Size.h:178	dropped
Gfx::Size::to_rounded<int> [FloatSize]	luce-browser-render	gfx	float_size_to_rounded_i32	Libraries/LibGfx/Size.h:178	ported
Gfx::Size::to_type<CSSPixels> [FloatSize]	luce-browser-render	gfx	float_size_to_type_css_pixels	Libraries/LibGfx/Size.h:170	ported
Gfx::Size::to_type<CSSPixels> [IntSize]	luce-browser-render	gfx	int_size_to_type_css_pixels	Libraries/LibGfx/Size.h:170	ported
Gfx::Size::to_type<CSSPixels> [SizeOfU32]	luce-browser-render	gfx	size_of_u32_to_type_css_pixels	Libraries/LibGfx/Size.h:170	ported
Gfx::Size::to_type<float> [CssPixelSize]	luce-browser-render	gfx	css_pixel_size_to_type_f32	Libraries/LibGfx/Size.h:170	ported
Gfx::Size::to_type<float> [IntSize]	luce-browser-render	gfx	int_size_to_type_f32	Libraries/LibGfx/Size.h:170	ported
Gfx::Size::to_type<int> [CssPixelSize]	luce-browser-render	gfx	css_pixel_size_to_type_i32	Libraries/LibGfx/Size.h:170	ported
Gfx::Size::to_type<int> [FloatSize]	luce-browser-render	gfx	float_size_to_type_i32	Libraries/LibGfx/Size.h:170	ported
Gfx::Size::to_type<int> [SizeOfU32]	luce-browser-render	gfx	size_of_u32_to_type_i32	Libraries/LibGfx/Size.h:170	ported
Gfx::Size::width [CssPixelSize]	luce-browser-render	gfx	css_pixel_size_width	Libraries/LibGfx/Size.h:41	ported
Gfx::Size::width [FloatSize]	luce-browser-render	gfx	float_size_width	Libraries/LibGfx/Size.h:41	ported
Gfx::Size::width [IntSize]	luce-browser-render	gfx	int_size_width	Libraries/LibGfx/Size.h:41	ported
Gfx::Size::width [SizeOfU32]	luce-browser-render	gfx	size_of_u32_width	Libraries/LibGfx/Size.h:41	ported
Gfx::Size<Web::CSSPixels>	luce-browser-render	gfx	CssPixelSize	Libraries/LibGfx/Size.h:17	instantiation
Gfx::Size<f32>	luce-browser-render	gfx	FloatSize	Libraries/LibGfx/Size.h:17	instantiation
Gfx::Size<i32>	luce-browser-render	gfx	IntSize	Libraries/LibGfx/Size.h:17	instantiation
Gfx::Size<u32>	luce-browser-render	gfx	SizeOfU32	Libraries/LibGfx/Size.h:17	instantiation
Gfx::SkiaBackendContext	luce-browser-render	gfx	SkiaBackendContext	Libraries/LibGfx/SkiaBackendContext.h:29	opaque
Gfx::SolidColorPaintStyle	luce-browser-render	gfx	SolidColorPaintStyle	Libraries/LibGfx/PaintStyle.h:29	struct
Gfx::SolidColorPaintStyle::SolidColorPaintStyle	luce-browser-render	gfx	solid_color_paint_style_construct	Libraries/LibGfx/PaintStyle.h:41	construct
Gfx::SolidColorPaintStyle::color	luce-browser-render	gfx	solid_color_paint_style_color	Libraries/LibGfx/PaintStyle.h:38	ported
Gfx::SolidColorPaintStyle::create	luce-browser-render	gfx	solid_color_paint_style_create	Libraries/LibGfx/PaintStyle.h:31	ported
Gfx::SolidColorPaintStyle::is_visible	luce-browser-render	gfx	solid_color_paint_style_is_visible_impl	Libraries/LibGfx/PaintStyle.h:36	impl
Gfx::StandardCursor	luce-browser-render	gfx	StandardCursor	Libraries/LibGfx/Cursor.h:17	enum
Gfx::SystemFontProvider	luce-browser-render	web_fonts	SystemFontProvider	Libraries/LibGfx/Font/FontDatabase.h:35	struct
Gfx::SystemFontProvider::for_each_typeface_with_family_name	luce-browser-render	web_fonts	system_font_provider_for_each_typeface_with_family_name_impl	Libraries/LibGfx/Font/FontDatabase.h:41	impl
Gfx::SystemFontProvider::for_each_typeface_with_family_name [dispatch]	luce-browser-render	web_fonts	system_font_provider_for_each_typeface_with_family_name	Libraries/LibGfx/Font/FontDatabase.h:35	dispatcher
Gfx::SystemFontProvider::get_font	luce-browser-render	web_fonts	system_font_provider_get_font_impl	Libraries/LibGfx/Font/FontDatabase.h:40	impl
Gfx::SystemFontProvider::get_font [dispatch]	luce-browser-render	web_fonts	system_font_provider_get_font	Libraries/LibGfx/Font/FontDatabase.h:35	dispatcher
Gfx::SystemFontProvider::name	luce-browser-render	web_fonts	system_font_provider_name_impl	Libraries/LibGfx/Font/FontDatabase.h:39	impl
Gfx::SystemFontProvider::name [dispatch]	luce-browser-render	web_fonts	system_font_provider_name	Libraries/LibGfx/Font/FontDatabase.h:35	dispatcher
Gfx::SystemTheme	luce-browser-render	gfx	SystemTheme	Libraries/LibGfx/SystemTheme.h:283	struct
Gfx::TextAlignment	luce-browser-render	gfx	TextAlignment	Libraries/LibGfx/TextAlignment.h:25	enum
Gfx::TextAttributes	luce-browser-render	gfx	TextAttributes	Libraries/LibGfx/TextAttributes.h:15	struct
Gfx::TextAttributes::UnderlineStyle	luce-browser-render	gfx	TextAttributesUnderlineStyle	Libraries/LibGfx/TextAttributes.h:16	enum
Gfx::TurbulenceType	luce-browser-render	gfx	TurbulenceType	Libraries/LibGfx/Filter.h:35	enum
Gfx::Typeface	luce-browser-render	web_fonts	Typeface	Libraries/LibGfx/Font/Typeface.h:61	struct
Gfx::Typeface::Typeface	luce-browser-render	web_fonts	typeface_construct	Libraries/LibGfx/Font/Typeface.cpp:41	construct
Gfx::Typeface::buffer	luce-browser-render	web_fonts	typeface_buffer_impl	Libraries/LibGfx/Font/Typeface.h:90	impl
Gfx::Typeface::buffer [dispatch]	luce-browser-render	web_fonts	typeface_buffer	Libraries/LibGfx/Font/Typeface.h:61	dispatcher
Gfx::Typeface::family	luce-browser-render	web_fonts	typeface_family_impl	Libraries/LibGfx/Font/Typeface.h:73	impl
Gfx::Typeface::family [dispatch]	luce-browser-render	web_fonts	typeface_family	Libraries/LibGfx/Font/Typeface.h:61	dispatcher
Gfx::Typeface::font	luce-browser-render	web_fonts	typeface_font	Libraries/LibGfx/Font/Typeface.cpp:51	ported
Gfx::Typeface::glyph_count	luce-browser-render	web_fonts	typeface_glyph_count_impl	Libraries/LibGfx/Font/Typeface.h:70	impl
Gfx::Typeface::glyph_count [dispatch]	luce-browser-render	web_fonts	typeface_glyph_count	Libraries/LibGfx/Font/Typeface.h:61	dispatcher
Gfx::Typeface::glyph_id_for_code_point	luce-browser-render	web_fonts	typeface_glyph_id_for_code_point_impl	Libraries/LibGfx/Font/Typeface.h:72	impl
Gfx::Typeface::glyph_id_for_code_point [dispatch]	luce-browser-render	web_fonts	typeface_glyph_id_for_code_point	Libraries/LibGfx/Font/Typeface.h:61	dispatcher
Gfx::Typeface::harfbuzz_typeface	luce-browser-render	web_fonts	typeface_harfbuzz_typeface	Libraries/LibGfx/Font/Typeface.cpp:76	ported
Gfx::Typeface::is_skia	luce-browser-render	web_fonts	typeface_is_skia_impl	Libraries/LibGfx/Font/Typeface.h:85	impl
Gfx::Typeface::is_skia [dispatch]	luce-browser-render	web_fonts	typeface_is_skia	Libraries/LibGfx/Font/Typeface.h:61	dispatcher
Gfx::Typeface::slope	luce-browser-render	web_fonts	typeface_slope_impl	Libraries/LibGfx/Font/Typeface.h:76	impl
Gfx::Typeface::slope [dispatch]	luce-browser-render	web_fonts	typeface_slope	Libraries/LibGfx/Font/Typeface.h:61	dispatcher
Gfx::Typeface::try_load_from_externally_owned_memory	luce-browser-render	web_fonts	typeface_try_load_from_externally_owned_memory	Libraries/LibGfx/Font/Typeface.cpp:36	ported
Gfx::Typeface::try_load_from_font_data	luce-browser-render	web_fonts	typeface_try_load_from_font_data	Libraries/LibGfx/Font/Typeface.cpp:22	ported
Gfx::Typeface::try_load_from_resource	luce-browser-render	web_fonts	typeface_try_load_from_resource	Libraries/LibGfx/Font/Typeface.cpp:16	ported
Gfx::Typeface::try_load_from_temporary_memory	luce-browser-render	web_fonts	typeface_try_load_from_temporary_memory	Libraries/LibGfx/Font/Typeface.cpp:29	ported
Gfx::Typeface::ttc_index	luce-browser-render	web_fonts	typeface_ttc_index_impl	Libraries/LibGfx/Font/Typeface.h:91	impl
Gfx::Typeface::ttc_index [dispatch]	luce-browser-render	web_fonts	typeface_ttc_index	Libraries/LibGfx/Font/Typeface.h:61	dispatcher
Gfx::Typeface::units_per_em	luce-browser-render	web_fonts	typeface_units_per_em_impl	Libraries/LibGfx/Font/Typeface.h:71	impl
Gfx::Typeface::units_per_em [dispatch]	luce-browser-render	web_fonts	typeface_units_per_em	Libraries/LibGfx/Font/Typeface.h:61	dispatcher
Gfx::Typeface::weight	luce-browser-render	web_fonts	typeface_weight_impl	Libraries/LibGfx/Font/Typeface.h:74	impl
Gfx::Typeface::weight [dispatch]	luce-browser-render	web_fonts	typeface_weight	Libraries/LibGfx/Font/Typeface.h:61	dispatcher
Gfx::Typeface::width	luce-browser-render	web_fonts	typeface_width_impl	Libraries/LibGfx/Font/Typeface.h:75	impl
Gfx::Typeface::width [dispatch]	luce-browser-render	web_fonts	typeface_width	Libraries/LibGfx/Font/Typeface.h:61	dispatcher
Gfx::TypefaceSkia	luce-browser-render	web_fonts	TypefaceSkia	Libraries/LibGfx/Font/TypefaceSkia.h:14	struct
Gfx::TypefaceSkia::GlyphPage	luce-browser-render	web_fonts	TypefaceSkiaGlyphPage	Libraries/LibGfx/Font/TypefaceSkia.h:54	opaque
Gfx::TypefaceSkia::GlyphPage::glyphs_per_page	luce-browser-render	web_fonts	typeface_skia_glyph_page_glyphs_per_page	Libraries/LibGfx/Font/TypefaceSkia.h:55	variable
Gfx::TypefaceSkia::Impl	luce-browser-render	web_fonts	Impl	Libraries/LibGfx/Font/TypefaceSkia.h:0	opaque
Gfx::TypefaceSkia::TypefaceSkia	luce-browser-render	web_fonts	typeface_skia_construct	Libraries/LibGfx/Font/TypefaceSkia.h:42	construct
Gfx::TypefaceSkia::buffer	luce-browser-render	web_fonts	typeface_skia_buffer_impl	Libraries/LibGfx/Font/TypefaceSkia.h:32	impl
Gfx::TypefaceSkia::clone_with_variations	luce-browser-render	web_fonts	typeface_skia_clone_with_variations	Libraries/LibGfx/Font/TypefaceSkia.h:22	ported
Gfx::TypefaceSkia::family	luce-browser-render	web_fonts	typeface_skia_family_impl	Libraries/LibGfx/Font/TypefaceSkia.h:27	impl
Gfx::TypefaceSkia::find_typeface_for_code_point	luce-browser-render	web_fonts	typeface_skia_find_typeface_for_code_point	Libraries/LibGfx/Font/TypefaceSkia.h:19	ported
Gfx::TypefaceSkia::glyph_count	luce-browser-render	web_fonts	typeface_skia_glyph_count_impl	Libraries/LibGfx/Font/TypefaceSkia.h:24	impl
Gfx::TypefaceSkia::glyph_id_for_code_point	luce-browser-render	web_fonts	typeface_skia_glyph_id_for_code_point_impl	Libraries/LibGfx/Font/TypefaceSkia.h:26	impl
Gfx::TypefaceSkia::glyph_page	luce-browser-render	web_fonts	typeface_skia_glyph_page	Libraries/LibGfx/Font/TypefaceSkia.h:64	ported
Gfx::TypefaceSkia::impl	luce-browser-render	web_fonts	typeface_skia_impl	Libraries/LibGfx/Font/TypefaceSkia.h:39	ported
Gfx::TypefaceSkia::is_skia	luce-browser-render	web_fonts	typeface_skia_is_skia_impl	Libraries/LibGfx/Font/TypefaceSkia.h:44	impl
Gfx::TypefaceSkia::load_from_buffer	luce-browser-render	web_fonts	typeface_skia_load_from_buffer	Libraries/LibGfx/Font/TypefaceSkia.h:18	ported
Gfx::TypefaceSkia::populate_glyph_page	luce-browser-render	web_fonts	typeface_skia_populate_glyph_page	Libraries/LibGfx/Font/TypefaceSkia.h:65	ported
Gfx::TypefaceSkia::resolve_generic_family	luce-browser-render	web_fonts	typeface_skia_resolve_generic_family	Libraries/LibGfx/Font/TypefaceSkia.h:20	ported
Gfx::TypefaceSkia::sk_typeface	luce-browser-render	web_fonts	typeface_skia_sk_typeface	Libraries/LibGfx/Font/TypefaceSkia.h:35	ported
Gfx::TypefaceSkia::slope	luce-browser-render	web_fonts	typeface_skia_slope_impl	Libraries/LibGfx/Font/TypefaceSkia.h:30	impl
Gfx::TypefaceSkia::ttc_index	luce-browser-render	web_fonts	typeface_skia_ttc_index_impl	Libraries/LibGfx/Font/TypefaceSkia.h:33	impl
Gfx::TypefaceSkia::units_per_em	luce-browser-render	web_fonts	typeface_skia_units_per_em_impl	Libraries/LibGfx/Font/TypefaceSkia.h:25	impl
Gfx::TypefaceSkia::weight	luce-browser-render	web_fonts	typeface_skia_weight_impl	Libraries/LibGfx/Font/TypefaceSkia.h:28	impl
Gfx::TypefaceSkia::width	luce-browser-render	web_fonts	typeface_skia_width_impl	Libraries/LibGfx/Font/TypefaceSkia.h:29	impl
Gfx::UnicodeRange	luce-browser-render	web_fonts	UnicodeRange	Libraries/LibGfx/Font/UnicodeRange.h:14	struct
Gfx::UnicodeRange::UnicodeRange	luce-browser-render	web_fonts	unicode_range_construct	Libraries/LibGfx/Font/UnicodeRange.h:16	construct
Gfx::UnicodeRange::contains	luce-browser-render	web_fonts	unicode_range_contains	Libraries/LibGfx/Font/UnicodeRange.h:26	ported
Gfx::UnicodeRange::max_code_point	luce-browser-render	web_fonts	unicode_range_max_code_point	Libraries/LibGfx/Font/UnicodeRange.h:24	ported
Gfx::UnicodeRange::min_code_point	luce-browser-render	web_fonts	unicode_range_min_code_point	Libraries/LibGfx/Font/UnicodeRange.h:23	ported
Gfx::UnicodeRange::operator==	luce-browser-render	web_fonts	unicode_range_eq	Libraries/LibGfx/Font/UnicodeRange.h:38	ported
Gfx::UnicodeRange::to_string	luce-browser-render	web_fonts	unicode_range_to_string	Libraries/LibGfx/Font/UnicodeRange.h:31	ported
Gfx::VectorN<3, float>	luce-browser-render	gfx	FloatVector3	Libraries/LibGfx/VectorN.h:32	struct
Gfx::VectorN<4, float>	luce-browser-render	gfx	FloatVector4	Libraries/LibGfx/VectorN.h:32	struct
Gfx::WindingRule	luce-browser-render	gfx	WindingRule	Libraries/LibGfx/WindingRule.h:11	enum
Gfx::YUV	luce-browser-render	gfx	Yuv	Libraries/LibGfx/Color.h:46	struct
Gfx::YUVData	luce-browser-render	gfx	YuvData	Libraries/LibGfx/YUVData.h:31	opaque
Gfx::a98_rgb_to_linear_a98_rgb	luce-browser-render	gfx	a98_rgb_to_linear_a98_rgb	Libraries/LibGfx/ColorConversion.cpp:500	ported
Gfx::a98rgb_to_xyz65	luce-browser-render	gfx	a98rgb_to_xyz65	Libraries/LibGfx/ColorConversion.cpp:97	ported
Gfx::bitmap_format_name	luce-browser-render	gfx	bitmap_format_name	Libraries/LibGfx/Bitmap.cpp:34	ported
Gfx::bytes_per_pixel_for_export_format	luce-browser-render	gfx	bytes_per_pixel_for_export_format	Libraries/LibGfx/ImmutableBitmap.cpp:78	ported
Gfx::calculate_gradient_length	luce-browser-render	gfx	calculate_gradient_length	Libraries/LibGfx/Gradients.h:39	ported
Gfx::calculate_gradient_length	luce-browser-render	gfx	calculate_gradient_length_f32	Libraries/LibGfx/Gradients.h:33	ported
Gfx::color_from_linear_srgb	luce-browser-render	gfx	color_from_linear_srgb	Libraries/LibGfx/Color.cpp:457	ported
Gfx::color_stop_step	luce-browser-render	gfx	color_stop_step	Libraries/LibGfx/GradientPainting.cpp:16	ported
Gfx::color_to_srgb	luce-browser-render	gfx	color_to_srgb	Libraries/LibGfx/ColorConversion.cpp:14	ported
Gfx::cubic_interpolate	luce-browser-render	gfx	cubic_interpolate	Libraries/LibGfx/Point.h:276	ported
Gfx::display_p3_to_linear_display_p3	luce-browser-render	gfx	display_p3_to_linear_display_p3	Libraries/LibGfx/ColorConversion.cpp:80	ported
Gfx::enclosing_int_rect	luce-browser-render	gfx	enclosing_int_rect	Libraries/LibGfx/Rect.h:592	ported
Gfx::export_format_name	luce-browser-render	gfx	export_format_name	Libraries/LibGfx/ImmutableBitmap.cpp:26	ported
Gfx::export_format_to_skia_color_type	luce-browser-render	gfx	export_format_to_skia_color_type	Libraries/LibGfx/ImmutableBitmap.cpp:97	dropped
Gfx::extract_2d_affine_transform	luce-browser-render	gfx	extract_2d_affine_transform	Libraries/LibGfx/Matrix4x4.h:86	ported
Gfx::font_format_is_supported	luce-browser-render	web_fonts	font_format_is_supported	Libraries/LibGfx/Font/FontSupport.cpp:13	ported
Gfx::font_slope_names	luce-browser-render	web_fonts	font_slope_names	Libraries/LibGfx/Font/FontStyleMapping.h:32	variable
Gfx::font_tech_is_supported	luce-browser-render	web_fonts	font_tech_is_supported	Libraries/LibGfx/Font/FontSupport.cpp:36	ported
Gfx::font_weight_names	luce-browser-render	web_fonts	font_weight_names	Libraries/LibGfx/Font/FontStyleMapping.h:19	variable
Gfx::font_width_names	luce-browser-render	web_fonts	font_width_names	Libraries/LibGfx/Font/FontStyleMapping.h:39	variable
Gfx::get_metadata	luce-browser-render	gfx	get_metadata	Libraries/LibGfx/BitmapSequence.cpp:17	ported
Gfx::hb_face_has_table	luce-browser-render	web_fonts	hb_face_has_table	Libraries/LibGfx/Font/Font.cpp:165	ported
Gfx::hex_string_to_color	luce-browser-render	gfx	hex_string_to_color	Libraries/LibGfx/Color.cpp:354	ported
Gfx::hsl_to_srgb	luce-browser-render	gfx	hsl_to_srgb	Libraries/LibGfx/ColorConversion.h:40	ported
Gfx::hsv_to_srgb	luce-browser-render	gfx	hsv_to_srgb	Libraries/LibGfx/ColorConversion.h:67	ported
Gfx::hwb_to_srgb	luce-browser-render	gfx	hwb_to_srgb	Libraries/LibGfx/ColorConversion.cpp:417	ported
Gfx::is_right_text_alignment	luce-browser-render	gfx	is_right_text_alignment	Libraries/LibGfx/TextAlignment.h:31	ported
Gfx::is_valid_alpha_type	luce-browser-render	gfx	is_valid_alpha_type	Libraries/LibGfx/Color.h:30	ported
Gfx::is_valid_bitmap_format	luce-browser-render	gfx	is_valid_bitmap_format	Libraries/LibGfx/Bitmap.h:38	ported
Gfx::is_vertically_centered_text_alignment	luce-browser-render	gfx	is_vertically_centered_text_alignment	Libraries/LibGfx/TextAlignment.h:43	ported
Gfx::lab_to_lch	luce-browser-render	gfx	lab_to_lch	Libraries/LibGfx/ColorConversion.cpp:370	ported
Gfx::lab_to_xyz50	luce-browser-render	gfx	lab_to_xyz50	Libraries/LibGfx/ColorConversion.cpp:191	ported
Gfx::largest_of	luce-browser-render	gfx	largest_of	Libraries/LibGfx/AffineTransform.cpp:200	ported
Gfx::lch_to_lab	luce-browser-render	gfx	lch_to_lab	Libraries/LibGfx/ColorConversion.cpp:373	ported
Gfx::linear_a98_rgb_to_a98_rgb	luce-browser-render	gfx	linear_a98_rgb_to_a98_rgb	Libraries/LibGfx/ColorConversion.cpp:512	ported
Gfx::linear_a98_rgb_to_xyz65	luce-browser-render	gfx	linear_a98_rgb_to_xyz65	Libraries/LibGfx/ColorConversion.cpp:524	ported
Gfx::linear_display_p3_to_display_p3	luce-browser-render	gfx	linear_display_p3_to_display_p3	Libraries/LibGfx/ColorConversion.cpp:468	ported
Gfx::linear_display_p3_to_xyz65	luce-browser-render	gfx	linear_display_p3_to_xyz65	Libraries/LibGfx/ColorConversion.cpp:69	ported
Gfx::linear_interpolate	luce-browser-render	gfx	linear_interpolate	Libraries/LibGfx/Point.h:264	ported
Gfx::linear_prophoto_rgb_to_prophoto_rgb	luce-browser-render	gfx	linear_prophoto_rgb_to_prophoto_rgb	Libraries/LibGfx/ColorConversion.cpp:569	ported
Gfx::linear_prophoto_rgb_to_xyz50	luce-browser-render	gfx	linear_prophoto_rgb_to_xyz50	Libraries/LibGfx/ColorConversion.cpp:584	ported
Gfx::linear_rec2020_to_rec2020	luce-browser-render	gfx	linear_rec2020_to_rec2020	Libraries/LibGfx/ColorConversion.cpp:628	ported
Gfx::linear_rec2020_to_xyz65	luce-browser-render	gfx	linear_rec2020_to_xyz65	Libraries/LibGfx/ColorConversion.cpp:642	ported
Gfx::linear_srgb_to_oklab	luce-browser-render	gfx	linear_srgb_to_oklab	Libraries/LibGfx/ColorConversion.h:204	ported
Gfx::linear_srgb_to_srgb	luce-browser-render	gfx	linear_srgb_to_srgb	Libraries/LibGfx/ColorConversion.cpp:52	ported
Gfx::linear_srgb_to_xyz65	luce-browser-render	gfx	linear_srgb_to_xyz65	Libraries/LibGfx/ColorConversion.cpp:225	ported
Gfx::measure_text_width	luce-browser-render	web_fonts	measure_text_width	Libraries/LibGfx/TextLayout.cpp:273	ported
Gfx::name_to_slope	luce-browser-render	web_fonts	name_to_slope	Libraries/LibGfx/Font/FontStyleMapping.h:78	ported
Gfx::name_to_weight	luce-browser-render	web_fonts	name_to_weight	Libraries/LibGfx/Font/FontStyleMapping.h:60	ported
Gfx::name_to_width	luce-browser-render	web_fonts	name_to_width	Libraries/LibGfx/Font/FontStyleMapping.h:96	ported
Gfx::normalized_gradient_angle_radians	luce-browser-render	gfx	normalized_gradient_angle_radians	Libraries/LibGfx/Gradients.h:25	ported
Gfx::number_of_fonts_in_ttc	luce-browser-render	web_fonts	number_of_fonts_in_ttc	Libraries/LibGfx/Font/PathFontProvider.cpp:22	ported
Gfx::oklab_to_linear_srgb	luce-browser-render	gfx	oklab_to_linear_srgb	Libraries/LibGfx/ColorConversion.h:182	ported
Gfx::oklab_to_oklch	luce-browser-render	gfx	oklab_to_oklch	Libraries/LibGfx/ColorConversion.cpp:335	ported
Gfx::oklab_to_xyz65	luce-browser-render	gfx	oklab_to_xyz65	Libraries/LibGfx/ColorConversion.cpp:286	ported
Gfx::oklch_to_oklab	luce-browser-render	gfx	oklch_to_oklab	Libraries/LibGfx/ColorConversion.cpp:338	ported
Gfx::operator*	luce-browser-render	gfx	mul_float_matrix4_x4_float_vector4	Libraries/LibGfx/Matrix4x4.h:21	ported
Gfx::origin_to_sk_origin	luce-browser-render	gfx	origin_to_sk_origin	Libraries/LibGfx/PaintingSurface.cpp:36	dropped
Gfx::parse_rgb_color	luce-browser-render	gfx	parse_rgb_color	Libraries/LibGfx/Color.cpp:134	ported
Gfx::parse_rgba_color	luce-browser-render	gfx	parse_rgba_color	Libraries/LibGfx/Color.cpp:155	ported
Gfx::polar_to_rectangular	luce-browser-render	gfx	polar_to_rectangular	Libraries/LibGfx/ColorConversion.cpp:321	ported
Gfx::pro_photo_rgb_to_xyz50	luce-browser-render	gfx	pro_photo_rgb_to_xyz50	Libraries/LibGfx/ColorConversion.cpp:119	ported
Gfx::prophoto_rgb_to_linear_prophoto_rgb	luce-browser-render	gfx	prophoto_rgb_to_linear_prophoto_rgb	Libraries/LibGfx/ColorConversion.cpp:554	ported
Gfx::quadratic_interpolate	luce-browser-render	gfx	quadratic_interpolate	Libraries/LibGfx/Point.h:270	ported
Gfx::rec2020_to_linear_rec2020	luce-browser-render	gfx	rec2020_to_linear_rec2020	Libraries/LibGfx/ColorConversion.cpp:614	ported
Gfx::rec2020_to_xyz65	luce-browser-render	gfx	rec2020_to_xyz65	Libraries/LibGfx/ColorConversion.cpp:144	ported
Gfx::rectangular_to_polar	luce-browser-render	gfx	rectangular_to_polar	Libraries/LibGfx/ColorConversion.cpp:308	ported
Gfx::rotation_matrix	luce-browser-render	gfx	rotation_matrix	Libraries/LibGfx/Matrix4x4.h:62	ported
Gfx::scale_matrix	luce-browser-render	gfx	scale_matrix	Libraries/LibGfx/Matrix4x4.h:52	ported
Gfx::setup_text_shaping	luce-browser-render	web_fonts	setup_text_shaping	Libraries/LibGfx/TextLayout.cpp:154	ported
Gfx::shape_text	luce-browser-render	web_fonts	shape_text_f32	Libraries/LibGfx/TextLayout.cpp:198	ported
Gfx::shape_text	luce-browser-render	web_fonts	shape_text_utf16_view	Libraries/LibGfx/TextLayout.cpp:115	ported
Gfx::size_would_overflow	luce-browser-render	gfx	size_would_overflow	Libraries/LibGfx/Bitmap.cpp:63	ported
Gfx::slope_to_name	luce-browser-render	web_fonts	slope_to_name	Libraries/LibGfx/Font/FontStyleMapping.h:69	ported
Gfx::smallest_of	luce-browser-render	gfx	smallest_of	Libraries/LibGfx/AffineTransform.cpp:194	ported
Gfx::srgb_to_color	luce-browser-render	gfx	srgb_to_color	Libraries/LibGfx/ColorConversion.cpp:24	ported
Gfx::srgb_to_hsl	luce-browser-render	gfx	srgb_to_hsl	Libraries/LibGfx/ColorConversion.cpp:376	ported
Gfx::srgb_to_hsv	luce-browser-render	gfx	srgb_to_hsv	Libraries/LibGfx/ColorConversion.h:119	ported
Gfx::srgb_to_hwb	luce-browser-render	gfx	srgb_to_hwb	Libraries/LibGfx/ColorConversion.cpp:440	ported
Gfx::srgb_to_linear_srgb	luce-browser-render	gfx	srgb_to_linear_srgb	Libraries/LibGfx/ColorConversion.cpp:35	ported
Gfx::srgb_to_yuv	luce-browser-render	gfx	srgb_to_yuv	Libraries/LibGfx/ColorConversion.h:165	ported
Gfx::standard_cursor_to_string	luce-browser-render	gfx	standard_cursor_to_string	Libraries/LibGfx/Cursor.h:50	ported
Gfx::text_alignment_from_string	luce-browser-render	gfx	text_alignment_from_string	Libraries/LibGfx/TextAlignment.h:55	ported
Gfx::text_shaping_resolution	luce-browser-render	web_fonts	text_shaping_resolution	Libraries/LibGfx/Font/Font.h:56	variable
Gfx::to_skia_alpha_type	luce-browser-render	gfx	to_skia_alpha_type	Libraries/LibGfx/ImmutableBitmap.cpp:271	dropped
Gfx::to_string	luce-browser-render	gfx	to_string	Libraries/LibGfx/TextAlignment.h:65	ported
Gfx::transform_point	luce-browser-render	gfx	transform_point	Libraries/LibGfx/Matrix4x4.h:33	ported
Gfx::translation_matrix	luce-browser-render	gfx	translation_matrix	Libraries/LibGfx/Matrix4x4.h:42	ported
Gfx::weight_to_name	luce-browser-render	web_fonts	weight_to_name	Libraries/LibGfx/Font/FontStyleMapping.h:51	ported
Gfx::width_to_name	luce-browser-render	web_fonts	width_to_name	Libraries/LibGfx/Font/FontStyleMapping.h:87	ported
Gfx::xyz50_to_lab	luce-browser-render	gfx	xyz50_to_lab	Libraries/LibGfx/ColorConversion.cpp:341	ported
Gfx::xyz50_to_linear_prophoto_rgb	luce-browser-render	gfx	xyz50_to_linear_prophoto_rgb	Libraries/LibGfx/ColorConversion.cpp:599	ported
Gfx::xyz50_to_linear_srgb	luce-browser-render	gfx	xyz50_to_linear_srgb	Libraries/LibGfx/ColorConversion.cpp:170	ported
Gfx::xyz50_to_xyz65	luce-browser-render	gfx	xyz50_to_xyz65	Libraries/LibGfx/ColorConversion.cpp:253	ported
Gfx::xyz65_to_linear_a98_rgb	luce-browser-render	gfx	xyz65_to_linear_a98_rgb	Libraries/LibGfx/ColorConversion.cpp:539	ported
Gfx::xyz65_to_linear_display_p3	luce-browser-render	gfx	xyz65_to_linear_display_p3	Libraries/LibGfx/ColorConversion.cpp:485	ported
Gfx::xyz65_to_linear_rec2020	luce-browser-render	gfx	xyz65_to_linear_rec2020	Libraries/LibGfx/ColorConversion.cpp:657	ported
Gfx::xyz65_to_linear_srgb	luce-browser-render	gfx	xyz65_to_linear_srgb	Libraries/LibGfx/ColorConversion.cpp:180	ported
Gfx::xyz65_to_oklab	luce-browser-render	gfx	xyz65_to_oklab	Libraries/LibGfx/ColorConversion.cpp:267	ported
Gfx::xyz65_to_xyz50	luce-browser-render	gfx	xyz65_to_xyz50	Libraries/LibGfx/ColorConversion.cpp:239	ported
Gfx::yuv_to_srgb	luce-browser-render	gfx	yuv_to_srgb	Libraries/LibGfx/ColorConversion.h:147	ported
Media::CodingIndependentCodePoints	luce-browser-render	gfx	MediaCodingIndependentCodePoints	Libraries/LibMedia/Color/CodingIndependentCodePoints.h:165	struct
Media::ColorPrimaries	luce-browser-render	gfx	MediaColorPrimaries	Libraries/LibMedia/Color/CodingIndependentCodePoints.h:19	enum
Media::MatrixCoefficients	luce-browser-render	gfx	MediaMatrixCoefficients	Libraries/LibMedia/Color/CodingIndependentCodePoints.h:58	enum
Media::TransferCharacteristics	luce-browser-render	gfx	MediaTransferCharacteristics	Libraries/LibMedia/Color/CodingIndependentCodePoints.h:36	enum
Media::VideoFullRangeFlag	luce-browser-render	gfx	MediaVideoFullRangeFlag	Libraries/LibMedia/Color/CodingIndependentCodePoints.h:76	enum
POINTS_PER_INCH	luce-browser-render	web_fonts	points_per_inch	Libraries/LibGfx/Font/Typeface.h:17	variable
SkAutoConicToQuads::computeQuads(pts	luce-browser-render	gfx	sk_auto_conic_to_quads	skia/src/core/SkGeometry.h:521	ported
SkBitmap	luce-browser-render	gfx	SkBitmap	Build/vcpkg_installed/arm64-osx-dynamic/include/skia/core/SkBitmap.h:0	opaque
SkCanvas	luce-browser-render	gfx	SkCanvas	Libraries/LibGfx/PaintingSurface.h:29	opaque
SkChopCubicAt	luce-browser-render	gfx	sk_chop_cubic_at	skia/src/core/SkGeometry.cpp:473	ported
SkChopCubicAt(src	luce-browser-render	gfx	sk_chop_cubic_at2	skia/src/core/SkGeometry.cpp:504	ported
SkChopCubicAt(src	luce-browser-render	gfx	sk_chop_cubic_at_values	skia/src/core/SkGeometry.cpp:541	ported
SkChopCubicAtHalf	luce-browser-render	gfx	sk_chop_cubic_at_half	skia/src/core/SkGeometry.cpp:575	ported
SkChopCubicAtYExtrema	luce-browser-render	gfx	sk_chop_cubic_at_y_extrema	skia/src/core/SkGeometry.cpp:698	ported
SkChopQuadAt	luce-browser-render	gfx	sk_chop_quad_at	skia/src/core/SkGeometry.cpp:175	ported
SkChopQuadAtHalf	luce-browser-render	gfx	sk_chop_quad_at_half	skia/src/core/SkGeometry.cpp:193	ported
SkChopQuadAtYExtrema	luce-browser-render	gfx	sk_chop_quad_at_y_extrema	skia/src/core/SkGeometry.cpp:279	ported
SkColorSpace	luce-browser-render	gfx	SkColorSpace	-	struct
SkColorSpacePrimaries	luce-browser-render	gfx	SkColorSpacePrimaries	-	struct
SkConic::chop	luce-browser-render	gfx	sk_conic_chop	skia/src/core/SkGeometry.cpp:1430	ported
SkConic::chopAt(t	luce-browser-render	gfx	sk_conic_chop_at	skia/src/core/SkGeometry.cpp:1297	ported
SkConic::chopAtYExtrema	luce-browser-render	gfx	sk_conic_chop_at_y_extrema	skia/src/core/SkGeometry.cpp:1674	ported
SkConic::chopIntoQuadsPOW2	luce-browser-render	gfx	sk_conic_chop_into_quads_pow2	skia/src/core/SkGeometry.cpp:1574	ported
SkConic::computeQuadPOW2	luce-browser-render	gfx	sk_conic_compute_quad_pow2	skia/src/core/SkGeometry.cpp:1492	ported
SkConic::evalTangentAt	luce-browser-render	gfx	sk_conic_eval_tangent_at	skia/src/core/SkGeometry.cpp:1364	ported
SkConic::findYExtrema	luce-browser-render	gfx	sk_conic_find_y_extrema	skia/src/core/SkGeometry.cpp:1652	ported
SkConic::set	luce-browser-render	gfx	sk_conic	skia/src/core/SkGeometry.h:336	ported
SkConicCoeff	luce-browser-render	gfx	sk_conic_eval_at	skia/src/core/SkGeometry.h:447	ported
SkContourMeasure::distanceToSegment	luce-browser-render	gfx	sk_contour_measure_distance_to_segment	skia/src/core/SkContourMeasure.cpp:579	ported
SkContourMeasure::getPosTan	luce-browser-render	gfx	sk_contour_measure_get_pos_tan	skia/src/core/SkContourMeasure.cpp:609	ported
SkContourMeasureIter::Impl::buildSegments	luce-browser-render	gfx	sk_measure_build_segments	skia/src/core/SkContourMeasure.cpp:357	ported
SkContourMeasureIter::Impl::compute_conic_segs	luce-browser-render	gfx	sk_measure_compute_conic_segs	skia/src/core/SkContourMeasure.cpp:255	ported
SkContourMeasureIter::Impl::compute_cubic_segs	luce-browser-render	gfx	sk_measure_compute_cubic_segs	skia/src/core/SkContourMeasure.cpp:284	ported
SkContourMeasureIter::Impl::compute_line_seg	luce-browser-render	gfx	sk_measure_compute_line_seg	skia/src/core/SkContourMeasure.cpp:312	ported
SkContourMeasureIter::Impl::compute_quad_segs	luce-browser-render	gfx	sk_measure_compute_quad_segs	skia/src/core/SkContourMeasure.cpp:229	ported
SkContourMeasureIter::SkContourMeasureIter	luce-browser-render	gfx	sk_contour_measure_iter	skia/src/core/SkContourMeasure.cpp:505	ported
SkContourMeasureIter::next	luce-browser-render	gfx	sk_contour_measure_iter_next	skia/src/core/SkContourMeasure.cpp:525	ported
SkCubicClipper::ChopMonoAtY	luce-browser-render	gfx	sk_cubic_clipper_chop_mono_at_y	skia/src/core/SkCubicClipper.cpp:26	ported
SkEvalCubicAt	luce-browser-render	gfx	sk_eval_cubic_at	skia/src/core/SkGeometry.cpp:418	ported
SkEvalQuadAt(src	luce-browser-render	gfx	sk_eval_quad_at	skia/src/core/SkGeometry.cpp:144	ported
SkEvalQuadTangentAt	luce-browser-render	gfx	sk_eval_quad_tangent_at	skia/src/core/SkGeometry.cpp:148	ported
SkFindCubicExtrema	luce-browser-render	gfx	sk_find_cubic_extrema	skia/src/core/SkGeometry.cpp:454	ported
SkFindQuadExtrema	luce-browser-render	gfx	sk_find_quad_extrema	skia/src/core/SkGeometry.cpp:265	ported
SkFindUnitQuadRoots	luce-browser-render	gfx	sk_find_unit_quad_roots	skia/src/core/SkGeometry.cpp:95	ported
SkFloatAs2sCompliment	luce-browser-render	gfx	sk_float_as_2s_compliment	skia/src/base/SkFloatBits.h:58	ported
SkFont	luce-browser-render	web_fonts	SkFont	Libraries/LibGfx/Font/Font.h:20	opaque
SkImage	luce-browser-render	gfx	SkImage	Libraries/LibGfx/ImmutableBitmap.h:20	opaque
SkIsFinite(const	luce-browser-render	gfx	sk_are_finite	skia/include/private/base/SkFloatingPoint.h:58	ported
SkIsFinite(x	luce-browser-render	gfx	sk_is_finite2	skia/include/private/base/SkFloatingPoint.h:50	ported
SkIsFinite(x)	luce-browser-render	gfx	sk_is_finite	skia/include/private/base/SkFloatingPoint.h:50	ported
SkMatrix::Affine_vpts	luce-browser-render	gfx	sk_matrix_affine_vpts	skia/src/core/SkMatrix.cpp:988	ported
SkMatrix::MakeAll	luce-browser-render	gfx	sk_matrix_make_all	skia/include/core/SkMatrix.h:153	ported
SkMatrix::Persp_pts	luce-browser-render	gfx	sk_matrix_persp_pts	skia/src/core/SkMatrix.cpp:961	ported
SkMatrix::ScaleTranslate	luce-browser-render	gfx	sk_matrix_scale_translate	skia/src/core/SkMatrix.cpp:542	ported
SkMatrix::Scale_pts	luce-browser-render	gfx	sk_matrix_scale_pts	skia/src/core/SkMatrix.cpp:931	ported
SkMatrix::SkMatrix()	luce-browser-render	gfx	sk_matrix_identity	skia/include/core/SkMatrix.h:54	ported
SkMatrix::Trans_pts	luce-browser-render	gfx	sk_matrix_trans_pts	skia/src/core/SkMatrix.cpp:903	ported
SkMatrix::computePerspectiveTypeMask	luce-browser-render	gfx	sk_matrix_compute_perspective_type_mask	skia/src/core/SkMatrix.cpp:86	ported
SkMatrix::computeTypeMask	luce-browser-render	gfx	sk_matrix_compute_type_mask	skia/src/core/SkMatrix.cpp:101	ported
SkMatrix::getPerspectiveTypeMaskOnly	luce-browser-render	gfx	sk_matrix_get_perspective_type_mask_only	skia/include/core/SkMatrix.h:1842	ported
SkMatrix::getType	luce-browser-render	gfx	sk_matrix_get_type	skia/include/core/SkMatrix.h:181	ported
SkMatrix::hasPerspective	luce-browser-render	gfx	sk_matrix_has_perspective	skia/include/core/SkMatrix.h:286	ported
SkMatrix::isIdentity	luce-browser-render	gfx	sk_matrix_is_identity	skia/include/core/SkMatrix.h:197	ported
SkMatrix::isTriviallyIdentity	luce-browser-render	gfx	sk_matrix_is_trivially_identity	skia/include/core/SkMatrix.h:1853	ported
SkMatrix::mapPoint	luce-browser-render	gfx	sk_matrix_map_point	skia/include/core/SkMatrix.h:1355	ported
SkMatrix::mapPoints	luce-browser-render	gfx	sk_matrix_map_points	skia/src/core/SkMatrix.cpp:782	ported
SkMatrix::postConcat	luce-browser-render	gfx	sk_matrix_post_concat	skia/src/core/SkMatrix.cpp:689	ported
SkMatrix::postTranslate	luce-browser-render	gfx	sk_matrix_post_translate	skia/src/core/SkMatrix.cpp:285	ported
SkMatrix::preConcat	luce-browser-render	gfx	sk_matrix_pre_concat	skia/src/core/SkMatrix.cpp:680	ported
SkMatrix::preRotate(degrees)	luce-browser-render	gfx	sk_matrix_pre_rotate	skia/src/core/SkMatrix.cpp:472	ported
SkMatrix::preScale(sx	luce-browser-render	gfx	sk_matrix_pre_scale	skia/src/core/SkMatrix.cpp:329	ported
SkMatrix::rectStaysRect	luce-browser-render	gfx	sk_matrix_rect_stays_rect	skia/include/core/SkMatrix.h:245	ported
SkMatrix::setConcat	luce-browser-render	gfx	sk_matrix_set_concat	skia/src/core/SkMatrix.cpp:615	ported
SkMatrix::setRotate(degrees)	luce-browser-render	gfx	sk_matrix_set_rotate	skia/src/core/SkMatrix.cpp:461	ported
SkMatrix::setScale(sx	luce-browser-render	gfx	sk_matrix_set_scale	skia/src/core/SkMatrix.cpp:309	ported
SkMatrix::setSinCos(sinV	luce-browser-render	gfx	sk_matrix_set_sin_cos	skia/src/core/SkMatrix.cpp:440	ported
SkMatrix::setTranslate	luce-browser-render	gfx	sk_matrix_set_translate	skia/src/core/SkMatrix.cpp:258	ported
SkMatrix::updateTranslateMask	luce-browser-render	gfx	sk_matrix_update_translate_mask	skia/include/core/SkMatrix.h:1860	ported
SkPaint	luce-browser-render	display_list	SkPaint	Libraries/LibWeb/Painting/DisplayListPlayerSkia.h:14	dropped (the CPU player has no SkPaint)
SkPath::Iter::Iter(path	luce-browser-render	gfx	sk_path_iter	skia/src/core/SkPath.cpp:308	ported
SkPath::Iter::autoClose	luce-browser-render	gfx	sk_path_iter_auto_close	skia/src/core/SkPath.cpp:354	ported
SkPath::Iter::next()	luce-browser-render	gfx	sk_path_iter_next	skia/src/core/SkPath.cpp:455	ported
SkPath::Iter::next(SkPoint[4])	luce-browser-render	gfx	sk_path_iter_next_verb	skia/src/core/SkPath.cpp:375	ported
SkPath::RawIter::next()	luce-browser-render	gfx	sk_path_raw_iter_next	skia/src/core/SkPath.cpp:519	ported
SkPath::RawIter::setPath	luce-browser-render	gfx	sk_path_raw_iter	skia/src/core/SkPath.cpp:470	ported
SkPath::SkPath(SkPathFillType)	luce-browser-render	gfx	sk_path_create	skia/src/core/SkPath_pathref.cpp:55	ported
SkPath::SkPath(const	luce-browser-render	gfx	sk_path_clone	skia/src/core/SkPath_pathref.cpp:70	ported
SkPath::addPath(srcPath	luce-browser-render	gfx	sk_path_add_path	skia/src/core/SkPath_editing.cpp:778	ported
SkPath::arcTo(rx	luce-browser-render	gfx	sk_path_arc_to_rotated	skia/src/core/SkPath_editing.cpp:551	ported
SkPath::close	luce-browser-render	gfx	sk_path_close	skia/src/core/SkPath_editing.cpp:218	ported
SkPath::conicTo	luce-browser-render	gfx	sk_path_conic_to	skia/src/core/SkPath_editing.cpp:162	ported
SkPath::contains	luce-browser-render	gfx	sk_path_contains	skia/src/core/SkPath.cpp:547	ported
SkPath::cubicTo	luce-browser-render	gfx	sk_path_cubic_to	skia/src/core/SkPath_editing.cpp:194	ported
SkPath::getBounds	luce-browser-render	gfx	sk_path_get_bounds	skia/src/core/SkPath_pathref.cpp:148	ported
SkPath::getLastPt	luce-browser-render	gfx	sk_path_get_last_pt	skia/src/core/SkPath.cpp:252	ported
SkPath::injectMoveToIfNeeded	luce-browser-render	gfx	sk_path_inject_move_to_if_needed	skia/src/core/SkPath_editing.cpp:112	ported
SkPath::isEmpty	luce-browser-render	gfx	sk_path_is_empty	skia/src/core/SkPath.cpp:169	ported
SkPath::isFinite	luce-browser-render	gfx	sk_path_is_finite	skia/src/core/SkPath_pathref.cpp:143	ported
SkPath::lineTo	luce-browser-render	gfx	sk_path_line_to	skia/src/core/SkPath_editing.cpp:126	ported
SkPath::moveTo	luce-browser-render	gfx	sk_path_move_to	skia/src/core/SkPath_editing.cpp:82	ported
SkPath::offset(dx	luce-browser-render	gfx	sk_path_offset	skia/src/core/SkPath_pathref.cpp:289	ported
SkPath::quadTo	luce-browser-render	gfx	sk_path_quad_to	skia/src/core/SkPath_editing.cpp:143	ported
SkPath::reset	luce-browser-render	gfx	sk_path_reset	skia/src/core/SkPath_pathref.cpp:131	ported
SkPath::setLastPt	luce-browser-render	gfx	sk_path_set_last_pt	skia/src/core/SkPath_editing.cpp:952	ported
SkPath::transform(matrix)	luce-browser-render	gfx	sk_path_transform	skia/src/core/SkPath_pathref.cpp:309	ported
SkPathEdgeIter::SkPathEdgeIter(const	luce-browser-render	gfx	sk_path_edge_iter	skia/src/core/SkPath.cpp:911	ported
SkPathEdgeIter::next	luce-browser-render	gfx	sk_path_edge_iter_next	skia/src/core/SkPathPriv.h:517	ported
SkPathIterPointsPerVerb	luce-browser-render	gfx	sk_path_iter_points_per_verb	skia/src/core/SkPath.cpp:449	ported
SkPathMeasure::SkPathMeasure(path	luce-browser-render	gfx	sk_path_measure	skia/src/core/SkPathMeasure.cpp:24	ported
SkPathMeasure::getLength	luce-browser-render	gfx	sk_path_measure_get_length	skia/src/core/SkPathMeasure.cpp:37	ported
SkPathMeasure::getPosTan	luce-browser-render	gfx	sk_path_measure_get_pos_tan	skia/src/core/SkPathMeasure.cpp:41	ported
SkPathMeasure::isClosed	luce-browser-render	gfx	sk_path_measure_is_closed	skia/src/core/SkPathMeasure.cpp:53	ported
SkPathMeasure::nextContour	luce-browser-render	gfx	sk_path_measure_next_contour	skia/src/core/SkPathMeasure.cpp:57	ported
SkPoint::Distance	luce-browser-render	gfx	sk_point_distance	skia/include/private/base/SkPoint_impl.h:508	ported
SkPoint::Length	luce-browser-render	gfx	sk_point_length	skia/src/core/SkPoint.cpp:79	ported
SkPointPriv::AreFinite	luce-browser-render	gfx	sk_points_are_finite	skia/src/core/SkPointPriv.h:22	ported
SkPointPriv::CanNormalize	luce-browser-render	gfx	sk_point_can_normalize	skia/src/core/SkPointPriv.h:28	ported
SkPointPriv::EqualsWithinTolerance	luce-browser-render	gfx	sk_point_equals_within_tolerance	skia/src/core/SkPointPriv.h:54	ported
SkPointPriv::LengthSqd	luce-browser-render	gfx	sk_point_length_sqd	skia/src/core/SkPointPriv.h:63	ported
SkRect::Bounds	luce-browser-render	gfx	sk_rect_bounds	skia/src/core/SkRect.cpp:50	ported
SkRect::setBoundsCheck	luce-browser-render	gfx	sk_rect_set_bounds_check	skia/src/core/SkRect.cpp:121	ported
SkScalarCosSnapToZero	luce-browser-render	gfx	sk_scalar_cos_snap_to_zero	skia/include/core/SkScalar.h:120	ported
SkScalarInterp	luce-browser-render	gfx	sk_scalar_interp	skia/include/core/SkScalar.h:131	ported
SkScalarNearlyEqual	luce-browser-render	gfx	sk_scalar_nearly_equal	skia/include/core/SkScalar.h:107	ported
SkScalarNearlyZero	luce-browser-render	gfx	sk_scalar_nearly_zero_tol	skia/include/core/SkScalar.h:101	ported
SkScalarSignAsInt	luce-browser-render	gfx	sk_scalar_sign_as_int	skia/include/core/SkScalar.h:90	ported
SkScalarSinSnapToZero	luce-browser-render	gfx	sk_scalar_sin_snap_to_zero	skia/include/core/SkScalar.h:115	ported
SkStrAppendScalar	luce-browser-render	gfx	sk_append_scalar	skia/src/core/SkString.cpp:164	ported
SkSurface	luce-browser-render	gfx	SkSurface	Libraries/LibGfx/SkiaBackendContext.h:22	opaque
SkTKSearch	luce-browser-render	gfx	sk_measure_tk_search	skia/src/core/SkContourMeasure.cpp:552	ported
SkTextBlob	luce-browser-render	web_fonts	SkTextBlob	Libraries/LibGfx/TextLayout.h:22	opaque
SkTypeface	luce-browser-render	web_fonts	SkTypeface	Libraries/LibGfx/Font/Typeface.h:21	opaque
Threading::Mutex	luce-browser-render	display_list	ThreadingMutex	Libraries/LibThreading/Mutex.h:17	opaque
Variant<DrawGlyphRun, FillRect, DrawScaledImmutableBitmap, DrawRepeatedImmutableBitmap, DrawExternalContent, Save, SaveLayer, Restore, Translate, AddClipRect, PaintLinearGradient, PaintRadialGradient, PaintConicGradient, PaintOuterBoxShadow, PaintInnerBoxShadow, PaintTextShadow, FillRectWithRoundedCorners, FillPath, StrokePath, DrawEllipse, FillEllipse, DrawLine, ApplyBackdropFilter, DrawRect, AddRoundedRectClip, PaintNestedDisplayList, PaintScrollBar, ApplyEffects>	luce-browser-render	display_list	DisplayListCommand	generated	variant
Variant<RectangularColorSpace, PolarColorInterpolationMethod>	luce-browser-render	display_list	ColorInterpolationMethod	generated	variant
Variant<ScrollData, ClipData, TransformData, PerspectiveData, ClipPathData, EffectsData>	luce-browser-render	display_list	VisualContextData	generated	variant
Variant<StandardCursor, ImageCursor>	luce-browser-render	gfx	Cursor	generated	variant
Variant<SvgPaintServerPaintStyle, Color>	luce-browser-render	display_list	PaintStyleOrColor	generated	variant
WOFF2::WOFF2ByteBufferOut	luce-browser-render	web_fonts	Woff2ByteBufferOut	Libraries/LibGfx/Font/WOFF2/Loader.cpp:13	struct
WOFF2::WOFF2ByteBufferOut::Size	luce-browser-render	web_fonts	woff2_byte_buffer_out_size_impl	Libraries/LibGfx/Font/WOFF2/Loader.cpp:47	impl
WOFF2::WOFF2ByteBufferOut::Size [dispatch]	luce-browser-render	web_fonts	woff2_byte_buffer_out_size	Libraries/LibGfx/Font/WOFF2/Loader.cpp:13	dispatcher
WOFF2::WOFF2ByteBufferOut::WOFF2ByteBufferOut	luce-browser-render	web_fonts	woff2_byte_buffer_out_construct	Libraries/LibGfx/Font/WOFF2/Loader.cpp:15	construct
WOFF2::WOFF2ByteBufferOut::Write	luce-browser-render	web_fonts	woff2_byte_buffer_out_write_impl	Libraries/LibGfx/Font/WOFF2/Loader.cpp:22	impl
WOFF2::WOFF2ByteBufferOut::Write	luce-browser-render	web_fonts	woff2_byte_buffer_out_write_usize_impl	Libraries/LibGfx/Font/WOFF2/Loader.cpp:33	impl
WOFF2::WOFF2ByteBufferOut::Write [dispatch]	luce-browser-render	web_fonts	woff2_byte_buffer_out_write	Libraries/LibGfx/Font/WOFF2/Loader.cpp:13	dispatcher
WOFF2::WOFF2ByteBufferOut::Write [dispatch]	luce-browser-render	web_fonts	woff2_byte_buffer_out_write_usize	Libraries/LibGfx/Font/WOFF2/Loader.cpp:13	dispatcher
WOFF2::convert_to_ttf	luce-browser-render	web_fonts	woff2_convert_to_ttf	Libraries/LibGfx/Font/WOFF2/Loader.cpp:56	ported
WOFF2::try_load_from_bytes	luce-browser-render	web_fonts	woff2_try_load_from_bytes	Libraries/LibGfx/Font/WOFF2/Loader.cpp:68	ported
WOFF::Header	luce-browser-render	web_fonts	Header	Libraries/LibGfx/Font/WOFF/Loader.cpp:18	struct
WOFF::TableDirectory	luce-browser-render	web_fonts	TableDirectory	Libraries/LibGfx/Font/WOFF/Loader.cpp:84	struct
WOFF::TableDirectoryEntry	luce-browser-render	web_fonts	TableDirectoryEntry	Libraries/LibGfx/Font/WOFF/Loader.cpp:37	struct
WOFF::TableRecord	luce-browser-render	web_fonts	TableRecord	Libraries/LibGfx/Font/WOFF/Loader.cpp:97	struct
WOFF::WOFF_SIGNATURE	luce-browser-render	web_fonts	woff_woff_signature	Libraries/LibGfx/Font/WOFF/Loader.cpp:62	variable
WOFF::pow_2_less_than_or_equal	luce-browser-render	web_fonts	woff_pow_2_less_than_or_equal	Libraries/LibGfx/Font/WOFF/Loader.cpp:64	ported
WOFF::try_load_from_bytes	luce-browser-render	web_fonts	woff_try_load_from_bytes	Libraries/LibGfx/Font/WOFF/Loader.cpp:105	ported
WOFF::try_load_from_resource	luce-browser-render	web_fonts	woff_try_load_from_resource	Libraries/LibGfx/Font/WOFF/Loader.cpp:71	ported
Web::CSS::BorderData	luce-browser-render	display_list	BorderData	Libraries/LibWeb/CSS/ComputedValues.h:390	struct
Web::CSS::BorderData [default member initializers]	luce-browser-render	display_list	border_data_init_fields	Libraries/LibWeb/CSS/ComputedValues.h:390	init fields
Web::CSS::ColorInterpolationMethodStyleValue::PolarColorInterpolationMethod	luce-browser-render	display_list	PolarColorInterpolationMethod	Libraries/LibWeb/CSS/StyleValues/ColorInterpolationMethodStyleValue.h:17	struct
Web::CSS::InitialValues::scrollbar_color	luce-browser-render	display_list	initial_values_scrollbar_color	Libraries/LibWeb/CSS/ComputedValues.h:288	ported (moved into display_list, DESIGN.md §4.1.3)
Web::CSS::ScrollbarColorData	luce-browser-render	display_list	ScrollbarColorData	Libraries/LibWeb/CSS/ComputedValues.h:102	struct (moved into display_list, DESIGN.md §4.1.3)
Web::CSSPixelFraction	luce-browser-render	gfx	CssPixelFraction	Libraries/LibWeb/PixelUnits.h:305	struct
Web::CSSPixelFraction::CSSPixelFraction	luce-browser-render	gfx	css_pixel_fraction_construct	Libraries/LibWeb/PixelUnits.h:314	construct
Web::CSSPixelFraction::CSSPixelFraction	luce-browser-render	gfx	css_pixel_fraction_construct_css_pixels	Libraries/LibWeb/PixelUnits.h:307	construct
Web::CSSPixelFraction::CSSPixelFraction<FloatingPoint F> [double]	luce-browser-render	gfx	css_pixel_fraction_construct_f64	Libraries/LibWeb/PixelUnits.h:330	ported
Web::CSSPixelFraction::CSSPixelFraction<Signed I>	luce-browser-render	gfx	css_pixel_fraction_construct_int	Libraries/LibWeb/PixelUnits.h:321	ported
Web::CSSPixelFraction::denominator	luce-browser-render	gfx	css_pixel_fraction_denominator	Libraries/LibWeb/PixelUnits.h:382	ported
Web::CSSPixelFraction::might_be_saturated	luce-browser-render	gfx	css_pixel_fraction_might_be_saturated	Libraries/LibWeb/PixelUnits.h:387	ported
Web::CSSPixelFraction::numerator	luce-browser-render	gfx	css_pixel_fraction_numerator	Libraries/LibWeb/PixelUnits.h:381	ported
Web::CSSPixelFraction::operator CSSPixels	luce-browser-render	gfx	css_pixel_fraction_to_css_pixels	Libraries/LibWeb/PixelUnits.h:342	ported
Web::CSSPixelFraction::operator+	luce-browser-render	gfx	css_pixel_fraction_add	Libraries/LibWeb/PixelUnits.h:354	ported
Web::CSSPixelFraction::operator-	luce-browser-render	gfx	css_pixel_fraction_neg	Libraries/LibWeb/PixelUnits.h:359	ported
Web::CSSPixelFraction::operator-	luce-browser-render	gfx	css_pixel_fraction_sub	Libraries/LibWeb/PixelUnits.h:350	ported
Web::CSSPixelFraction::operator<=>	luce-browser-render	gfx	css_pixel_fraction_cmp_css_pixel_fraction	Libraries/LibWeb/PixelUnits.h:364	ported
Web::CSSPixelFraction::operator<=><Signed I>	luce-browser-render	gfx	css_pixel_fraction_cmp_int	Libraries/LibWeb/PixelUnits.h:376	ported
Web::CSSPixelFraction::to_double	luce-browser-render	gfx	css_pixel_fraction_to_double	Libraries/LibWeb/PixelUnits.h:385	ported
Web::CSSPixelFraction::to_float	luce-browser-render	gfx	css_pixel_fraction_to_float	Libraries/LibWeb/PixelUnits.h:384	ported
Web::CSSPixelFraction::to_int	luce-browser-render	gfx	css_pixel_fraction_to_int	Libraries/LibWeb/PixelUnits.h:386	ported
Web::CSSPixelRect::to_rounded<Web::CSSPixels>	luce-browser-render	gfx	css_pixel_rect_to_rounded	Libraries/LibWeb/PixelUnits.h:481	ported
Web::CSSPixels	luce-browser-render	gfx	CssPixels	Libraries/LibWeb/PixelUnits.h:61	struct
Web::CSSPixels::CSSPixels<FloatingPoint F> [double]	luce-browser-render	gfx	css_pixels_from_f64	Libraries/LibWeb/PixelUnits.h:87	ported
Web::CSSPixels::CSSPixels<FloatingPoint F> [float]	luce-browser-render	gfx	css_pixels_from_f32	Libraries/LibWeb/PixelUnits.h:87	ported
Web::CSSPixels::CSSPixels<Signed I>	luce-browser-render	gfx	css_pixels_from_int	Libraries/LibWeb/PixelUnits.h:76	ported
Web::CSSPixels::CSSPixels<Unsigned U>	luce-browser-render	gfx	css_pixels_from_unsigned	Libraries/LibWeb/PixelUnits.h:116	ported
Web::CSSPixels::abs	luce-browser-render	gfx	css_pixels_abs	Libraries/LibWeb/PixelUnits.h:248	ported
Web::CSSPixels::fixed_point_denominator	luce-browser-render	gfx	css_pixels_fixed_point_denominator	Libraries/LibWeb/PixelUnits.h:64	variable
Web::CSSPixels::floored_value_for<double>	luce-browser-render	gfx	css_pixels_floored_value_for_f64	Libraries/LibWeb/PixelUnits.h:107	ported
Web::CSSPixels::floored_value_for<float>	luce-browser-render	gfx	css_pixels_floored_value_for_f32	Libraries/LibWeb/PixelUnits.h:107	ported
Web::CSSPixels::fractional_bits	luce-browser-render	gfx	css_pixels_fractional_bits	Libraries/LibWeb/PixelUnits.h:63	variable
Web::CSSPixels::from_raw	luce-browser-render	gfx	css_pixels_from_raw	Libraries/LibWeb/PixelUnits.h:124	ported
Web::CSSPixels::max	luce-browser-render	gfx	css_pixels_max	Libraries/LibWeb/PixelUnits.h:136	ported
Web::CSSPixels::max_dimension_value	luce-browser-render	gfx	css_pixels_max_dimension_value	Libraries/LibWeb/PixelUnits.h:72	variable
Web::CSSPixels::max_integer_value	luce-browser-render	gfx	css_pixels_max_integer_value	Libraries/LibWeb/PixelUnits.h:68	variable
Web::CSSPixels::might_be_saturated	luce-browser-render	gfx	css_pixels_might_be_saturated	Libraries/LibWeb/PixelUnits.h:153	ported
Web::CSSPixels::min	luce-browser-render	gfx	css_pixels_min	Libraries/LibWeb/PixelUnits.h:131	ported
Web::CSSPixels::min_integer_value	luce-browser-render	gfx	css_pixels_min_integer_value	Libraries/LibWeb/PixelUnits.h:69	variable
Web::CSSPixels::nearest_value_for<double>	luce-browser-render	gfx	css_pixels_nearest_value_for_f64	Libraries/LibWeb/PixelUnits.h:93	ported
Web::CSSPixels::nearest_value_for<float>	luce-browser-render	gfx	css_pixels_nearest_value_for_f32	Libraries/LibWeb/PixelUnits.h:93	ported
Web::CSSPixels::operator double	luce-browser-render	gfx	css_pixels_to_double_const_2	Libraries/LibWeb/PixelUnits.h:157	ported
Web::CSSPixels::operator float	luce-browser-render	gfx	css_pixels_to_float_const_2	Libraries/LibWeb/PixelUnits.h:158	ported
Web::CSSPixels::operator int	luce-browser-render	gfx	css_pixels_to_int_const_2	Libraries/LibWeb/PixelUnits.h:159	ported
Web::CSSPixels::operator*	luce-browser-render	gfx	css_pixels_mul_css_pixel_fraction	Libraries/LibWeb/PixelUnits.h:394	ported
Web::CSSPixels::operator*	luce-browser-render	gfx	css_pixels_mul_css_pixels	Libraries/LibWeb/PixelUnits.h:194	ported
Web::CSSPixels::operator*=	luce-browser-render	gfx	css_pixels_mul_assign_css_pixel_fraction	Libraries/LibWeb/PixelUnits.h:237	ported
Web::CSSPixels::operator*=	luce-browser-render	gfx	css_pixels_mul_assign_css_pixels	Libraries/LibWeb/PixelUnits.h:232	ported
Web::CSSPixels::operator+	luce-browser-render	gfx	css_pixels_add	Libraries/LibWeb/PixelUnits.h:181	ported
Web::CSSPixels::operator+	luce-browser-render	gfx	css_pixels_add_css_pixels	Libraries/LibWeb/PixelUnits.h:184	ported
Web::CSSPixels::operator++	luce-browser-render	gfx	css_pixels_inc	Libraries/LibWeb/PixelUnits.h:161	ported
Web::CSSPixels::operator+=	luce-browser-render	gfx	css_pixels_add_assign	Libraries/LibWeb/PixelUnits.h:222	ported
Web::CSSPixels::operator-	luce-browser-render	gfx	css_pixels_neg	Libraries/LibWeb/PixelUnits.h:182	ported
Web::CSSPixels::operator-	luce-browser-render	gfx	css_pixels_sub	Libraries/LibWeb/PixelUnits.h:189	ported
Web::CSSPixels::operator--	luce-browser-render	gfx	css_pixels_dec	Libraries/LibWeb/PixelUnits.h:166	ported
Web::CSSPixels::operator-=	luce-browser-render	gfx	css_pixels_sub_assign	Libraries/LibWeb/PixelUnits.h:227	ported
Web::CSSPixels::operator/	luce-browser-render	gfx	css_pixels_div_css_pixel_fraction	Libraries/LibWeb/PixelUnits.h:406	ported
Web::CSSPixels::operator/	luce-browser-render	gfx	css_pixels_div_css_pixels	Libraries/LibWeb/PixelUnits.h:402	ported
Web::CSSPixels::operator/=	luce-browser-render	gfx	css_pixels_div_assign	Libraries/LibWeb/PixelUnits.h:242	ported
Web::CSSPixels::operator<=>	luce-browser-render	gfx	css_pixels_cmp	Libraries/LibWeb/PixelUnits.h:172	ported
Web::CSSPixels::radix_mask	luce-browser-render	gfx	css_pixels_radix_mask	Libraries/LibWeb/PixelUnits.h:66	variable
Web::CSSPixels::raw_value	luce-browser-render	gfx	css_pixels_raw_value	Libraries/LibWeb/PixelUnits.h:150	ported
Web::CSSPixels::scale_by	luce-browser-render	gfx	css_pixels_scale_by_f32	Libraries/LibWeb/PixelUnits.h:250	ported
Web::CSSPixels::scale_by	luce-browser-render	gfx	css_pixels_scale_by_f64	Libraries/LibWeb/PixelUnits.h:256	ported
Web::CSSPixels::scaled	luce-browser-render	gfx	css_pixels_scaled_f32	Libraries/LibWeb/PixelUnits.h:262	ported
Web::CSSPixels::scaled	luce-browser-render	gfx	css_pixels_scaled_f64	Libraries/LibWeb/PixelUnits.h:269	ported
Web::CSSPixels::set_raw_value	luce-browser-render	gfx	css_pixels_set_raw_value	Libraries/LibWeb/PixelUnits.h:151	ported
Web::CSSPixels::smallest_positive_value	luce-browser-render	gfx	css_pixels_smallest_positive_value	Libraries/LibWeb/PixelUnits.h:141	ported
Web::CSSPixels::to_double	luce-browser-render	gfx	css_pixels_to_double_const	Libraries/LibWeb/PixelUnits.h:147	ported
Web::CSSPixels::to_float	luce-browser-render	gfx	css_pixels_to_float_const	Libraries/LibWeb/PixelUnits.h:146	ported
Web::CSSPixels::to_int	luce-browser-render	gfx	css_pixels_to_int_const	Libraries/LibWeb/PixelUnits.h:148	ported
Web::DevicePixels_decl	luce-browser-render	gfx	DevicePixelsDecl	Libraries/LibWeb/PixelUnits.h:26	struct
Web::Painting::AccumulatedVisualContextNode	luce-browser-render	display_list	AccumulatedVisualContextNode	Libraries/LibWeb/Painting/AccumulatedVisualContext.h:78	struct
Web::Painting::AccumulatedVisualContextTree	luce-browser-render	display_list	AccumulatedVisualContextTree	Libraries/LibWeb/Painting/AccumulatedVisualContext.h:85	struct
Web::Painting::AccumulatedVisualContextTree::append	luce-browser-render	display_list	accumulated_visual_context_tree_append	Libraries/LibWeb/Painting/AccumulatedVisualContext.cpp:28	ported
Web::Painting::AccumulatedVisualContextTree::build_ancestor_chain	luce-browser-render	display_list	accumulated_visual_context_tree_build_ancestor_chain	Libraries/LibWeb/Painting/AccumulatedVisualContext.cpp:63	ported
Web::Painting::AccumulatedVisualContextTree::create	luce-browser-render	display_list	accumulated_visual_context_tree_create	Libraries/LibWeb/Painting/AccumulatedVisualContext.cpp:20	ported
Web::Painting::AccumulatedVisualContextTree::dump	luce-browser-render	display_list	accumulated_visual_context_tree_dump	Libraries/LibWeb/Painting/AccumulatedVisualContext.cpp:199	ported
Web::Painting::AccumulatedVisualContextTree::find_common_ancestor	luce-browser-render	display_list	accumulated_visual_context_tree_find_common_ancestor	Libraries/LibWeb/Painting/AccumulatedVisualContext.cpp:46	ported
Web::Painting::AccumulatedVisualContextTree::has_empty_effective_clip	luce-browser-render	display_list	accumulated_visual_context_tree_has_empty_effective_clip	Libraries/LibWeb/Painting/AccumulatedVisualContext.h:99	ported
Web::Painting::AccumulatedVisualContextTree::inverse_transform_point	luce-browser-render	display_list	accumulated_visual_context_tree_inverse_transform_point	Libraries/LibWeb/Painting/AccumulatedVisualContext.cpp:136	ported
Web::Painting::AccumulatedVisualContextTree::node_at	luce-browser-render	display_list	accumulated_visual_context_tree_node_at	Libraries/LibWeb/Painting/AccumulatedVisualContext.h:91	ported
Web::Painting::AccumulatedVisualContextTree::transform_point_for_hit_test	luce-browser-render	display_list	accumulated_visual_context_tree_transform_point_for_hit_test	Libraries/LibWeb/Painting/AccumulatedVisualContext.cpp:73	ported
Web::Painting::AccumulatedVisualContextTree::transform_rect_to_viewport	luce-browser-render	display_list	accumulated_visual_context_tree_transform_rect_to_viewport	Libraries/LibWeb/Painting/AccumulatedVisualContext.cpp:169	ported
Web::Painting::AddClipRect	luce-browser-render	display_list	AddClipRect	Libraries/LibWeb/Painting/DisplayListCommand.h:131	struct
Web::Painting::AddClipRect::bounding_rect	luce-browser-render	display_list	add_clip_rect_bounding_rect	Libraries/LibWeb/Painting/DisplayListCommand.h:136	ported
Web::Painting::AddClipRect::command_name	luce-browser-render	display_list	add_clip_rect_command_name	Libraries/LibWeb/Painting/DisplayListCommand.h:132	constant (str)
Web::Painting::AddClipRect::dump	luce-browser-render	display_list	add_clip_rect_dump	Libraries/LibWeb/Painting/DisplayListCommand.cpp:70	ported
Web::Painting::AddClipRect::is_clip	luce-browser-render	display_list	add_clip_rect_is_clip	Libraries/LibWeb/Painting/DisplayListCommand.h:137	ported
Web::Painting::AddRoundedRectClip	luce-browser-render	display_list	AddRoundedRectClip	Libraries/LibWeb/Painting/DisplayListCommand.h:327	struct
Web::Painting::AddRoundedRectClip::bounding_rect	luce-browser-render	display_list	add_rounded_rect_clip_bounding_rect	Libraries/LibWeb/Painting/DisplayListCommand.h:334	ported
Web::Painting::AddRoundedRectClip::command_name	luce-browser-render	display_list	add_rounded_rect_clip_command_name	Libraries/LibWeb/Painting/DisplayListCommand.h:328	constant (str)
Web::Painting::AddRoundedRectClip::dump	luce-browser-render	display_list	add_rounded_rect_clip_dump	Libraries/LibWeb/Painting/DisplayListCommand.cpp:144	ported
Web::Painting::AddRoundedRectClip::is_clip	luce-browser-render	display_list	add_rounded_rect_clip_is_clip	Libraries/LibWeb/Painting/DisplayListCommand.h:335	ported
Web::Painting::ApplyBackdropFilter	luce-browser-render	display_list	ApplyBackdropFilter	Libraries/LibWeb/Painting/DisplayListCommand.h:278	struct
Web::Painting::ApplyBackdropFilter::bounding_rect	luce-browser-render	display_list	apply_backdrop_filter_bounding_rect	Libraries/LibWeb/Painting/DisplayListCommand.h:285	ported
Web::Painting::ApplyBackdropFilter::command_name	luce-browser-render	display_list	apply_backdrop_filter_command_name	Libraries/LibWeb/Painting/DisplayListCommand.h:279	constant (str)
Web::Painting::ApplyBackdropFilter::dump	luce-browser-render	display_list	apply_backdrop_filter_dump	Libraries/LibWeb/Painting/DisplayListCommand.cpp:134	ported
Web::Painting::ApplyEffects	luce-browser-render	display_list	ApplyEffects	Libraries/LibWeb/Painting/DisplayListCommand.h:365	struct
Web::Painting::ApplyEffects [default member initializers]	luce-browser-render	display_list	apply_effects_init_fields	Libraries/LibWeb/Painting/DisplayListCommand.h:365	init fields
Web::Painting::ApplyEffects::command_name	luce-browser-render	display_list	apply_effects_command_name	Libraries/LibWeb/Painting/DisplayListCommand.h:366	constant (str)
Web::Painting::ApplyEffects::dump	luce-browser-render	display_list	apply_effects_dump	Libraries/LibWeb/Painting/DisplayListCommand.cpp:158	ported
Web::Painting::ApplyEffects::nesting_level_change	luce-browser-render	display_list	apply_effects_nesting_level_change	Libraries/LibWeb/Painting/DisplayListCommand.h:367	variable
Web::Painting::BorderDataDevicePixels	luce-browser-render	display_list	BorderDataDevicePixels	Libraries/LibWeb/Painting/BordersData.h:24	struct
Web::Painting::BorderDataDevicePixels [default member initializers]	luce-browser-render	display_list	border_data_device_pixels_init_fields	Libraries/LibWeb/Painting/BordersData.h:24	init fields
Web::Painting::BorderEdge	luce-browser-render	display_list	BorderEdge	Libraries/LibWeb/Painting/BordersData.h:17	enum
Web::Painting::BorderRadiiData	luce-browser-render	display_list	BorderRadiiData	Libraries/LibWeb/Painting/BorderRadiiData.h:109	struct
Web::Painting::BorderRadiiData::contains	luce-browser-render	display_list	border_radii_data_contains	Libraries/LibWeb/Painting/BorderRadiiData.h:120	ported
Web::Painting::BorderRadiiData::has_any_radius	luce-browser-render	display_list	border_radii_data_has_any_radius	Libraries/LibWeb/Painting/BorderRadiiData.h:115	ported
Web::Painting::BorderRadiiData::inflate	luce-browser-render	display_list	border_radii_data_inflate	Libraries/LibWeb/Painting/BorderRadiiData.h:143	ported
Web::Painting::BorderRadiiData::shrink	luce-browser-render	display_list	border_radii_data_shrink	Libraries/LibWeb/Painting/BorderRadiiData.h:135	ported
Web::Painting::BorderRadiusData	luce-browser-render	display_list	BorderRadiusData	Libraries/LibWeb/Painting/BorderRadiiData.h:27	struct
Web::Painting::BorderRadiusData::operator bool	luce-browser-render	display_list	border_radius_data_to_bool	Libraries/LibWeb/Painting/BorderRadiiData.h:33	ported
Web::Painting::BorderRadiusData::shrink	luce-browser-render	display_list	border_radius_data_shrink	Libraries/LibWeb/Painting/BorderRadiiData.h:38	ported
Web::Painting::BordersData	luce-browser-render	display_list	BordersData	Libraries/LibWeb/Painting/BordersData.h:57	struct
Web::Painting::BordersDataDevicePixels	luce-browser-render	display_list	BordersDataDevicePixels	Libraries/LibWeb/Painting/BordersData.h:31	struct
Web::Painting::BordersDataDevicePixels::for_edge	luce-browser-render	display_list	borders_data_device_pixels_for_edge	Libraries/LibWeb/Painting/BordersData.h:37	ported
Web::Painting::BordersDataDevicePixels::for_edge	luce-browser-render	display_list	borders_data_device_pixels_for_edge_const	Libraries/LibWeb/Painting/BordersData.h:51	ported
Web::Painting::ClipData	luce-browser-render	display_list	ClipData	Libraries/LibWeb/Painting/AccumulatedVisualContext.h:35	struct
Web::Painting::ClipData::ClipData	luce-browser-render	display_list	clip_data_construct	Libraries/LibWeb/Painting/AccumulatedVisualContext.h:39	construct
Web::Painting::ClipData::contains	luce-browser-render	display_list	clip_data_contains	Libraries/LibWeb/Painting/AccumulatedVisualContext.cpp:15	ported
Web::Painting::ClipPathData	luce-browser-render	display_list	ClipPathData	Libraries/LibWeb/Painting/AccumulatedVisualContext.h:57	struct
Web::Painting::ColorStop	luce-browser-render	display_list	ColorStop	Libraries/LibWeb/Painting/PaintStyle.h:25	struct
Web::Painting::ColorStop [default member initializers]	luce-browser-render	display_list	color_stop_init_fields	Libraries/LibWeb/Painting/PaintStyle.h:25	init fields
Web::Painting::ColorStopData	luce-browser-render	display_list	ColorStopData	Libraries/LibWeb/Painting/GradientData.h:19	struct
Web::Painting::ConicGradientData	luce-browser-render	display_list	ConicGradientData	Libraries/LibWeb/Painting/GradientData.h:31	struct
Web::Painting::CornerClip	luce-browser-render	display_list	CornerClip	Libraries/LibWeb/Painting/BorderRadiusCornerClipper.h:14	enum
Web::Painting::CornerRadii	luce-browser-render	display_list	CornerRadii	Libraries/LibWeb/Painting/BorderRadiiData.h:47	struct
Web::Painting::CornerRadii::adjust_corners_for_spread_distance	luce-browser-render	display_list	corner_radii_adjust_corners_for_spread_distance	Libraries/LibWeb/Painting/BorderRadiiData.cpp:42	ported
Web::Painting::CornerRadii::contains	luce-browser-render	display_list	corner_radii_contains	Libraries/LibWeb/Painting/BorderRadiiData.h:60	ported
Web::Painting::CornerRadii::has_any_radius	luce-browser-render	display_list	corner_radii_has_any_radius	Libraries/LibWeb/Painting/BorderRadiiData.h:53	ported
Web::Painting::CornerRadius	luce-browser-render	display_list	CornerRadius	Libraries/LibWeb/Painting/BorderRadiiData.h:17	struct
Web::Painting::CornerRadius::operator bool	luce-browser-render	display_list	corner_radius_to_bool	Libraries/LibWeb/Painting/BorderRadiiData.h:21	ported
Web::Painting::DisplayList	luce-browser-render	display_list	DisplayList	Libraries/LibWeb/Painting/DisplayList.h:72	struct
Web::Painting::DisplayList::CommandListItem	luce-browser-render	display_list	DisplayListCommandListItem	Libraries/LibWeb/Painting/DisplayList.h:81	struct (fields filled by r51a)
Web::Painting::DisplayList::DisplayList	luce-browser-render	display_list	display_list_construct	Libraries/LibWeb/Painting/DisplayList.h:92	construct
Web::Painting::DisplayList::append	luce-browser-render	display_list	display_list_append	Libraries/LibWeb/Painting/DisplayList.cpp:13	ported
Web::Painting::DisplayList::commands	luce-browser-render	display_list	display_list_commands	Libraries/LibWeb/Painting/DisplayList.h:89	ported
Web::Painting::DisplayList::commands	luce-browser-render	display_list	display_list_commands_display_list_recorder	Libraries/LibWeb/Painting/DisplayList.h:88	ported
Web::Painting::DisplayList::create	luce-browser-render	display_list	display_list_create	Libraries/LibWeb/Painting/DisplayList.h:74	ported
Web::Painting::DisplayList::visual_context_tree	luce-browser-render	display_list	display_list_visual_context_tree	Libraries/LibWeb/Painting/DisplayList.h:86	ported
Web::Painting::DisplayListPlayer	luce-browser-render	display_list	DisplayListPlayer	Libraries/LibWeb/Painting/DisplayList.h:23	struct
Web::Painting::DisplayListPlayer::add_clip_path	luce-browser-render	display_list	display_list_player_add_clip_path_impl	Libraries/LibWeb/Painting/DisplayList.h:67	impl
Web::Painting::DisplayListPlayer::add_clip_path [dispatch]	luce-browser-render	display_list	display_list_player_add_clip_path	Libraries/LibWeb/Painting/DisplayList.h:23	dispatcher
Web::Painting::DisplayListPlayer::add_clip_rect	luce-browser-render	display_list	display_list_player_add_clip_rect_impl	Libraries/LibWeb/Painting/DisplayList.h:45	impl
Web::Painting::DisplayListPlayer::add_clip_rect [dispatch]	luce-browser-render	display_list	display_list_player_add_clip_rect	Libraries/LibWeb/Painting/DisplayList.h:23	dispatcher
Web::Painting::DisplayListPlayer::add_rounded_rect_clip	luce-browser-render	display_list	display_list_player_add_rounded_rect_clip_impl	Libraries/LibWeb/Painting/DisplayList.h:60	impl
Web::Painting::DisplayListPlayer::add_rounded_rect_clip [dispatch]	luce-browser-render	display_list	display_list_player_add_rounded_rect_clip	Libraries/LibWeb/Painting/DisplayList.h:23	dispatcher
Web::Painting::DisplayListPlayer::apply_backdrop_filter	luce-browser-render	display_list	display_list_player_apply_backdrop_filter_impl	Libraries/LibWeb/Painting/DisplayList.h:58	impl
Web::Painting::DisplayListPlayer::apply_backdrop_filter [dispatch]	luce-browser-render	display_list	display_list_player_apply_backdrop_filter	Libraries/LibWeb/Painting/DisplayList.h:23	dispatcher
Web::Painting::DisplayListPlayer::apply_effects	luce-browser-render	display_list	display_list_player_apply_effects_impl	Libraries/LibWeb/Painting/DisplayList.h:63	impl
Web::Painting::DisplayListPlayer::apply_effects [dispatch]	luce-browser-render	display_list	display_list_player_apply_effects	Libraries/LibWeb/Painting/DisplayList.h:23	dispatcher
Web::Painting::DisplayListPlayer::apply_transform	luce-browser-render	display_list	display_list_player_apply_transform_impl	Libraries/LibWeb/Painting/DisplayList.h:64	impl
Web::Painting::DisplayListPlayer::apply_transform [dispatch]	luce-browser-render	display_list	display_list_player_apply_transform	Libraries/LibWeb/Painting/DisplayList.h:23	dispatcher
Web::Painting::DisplayListPlayer::draw_ellipse	luce-browser-render	display_list	display_list_player_draw_ellipse_impl	Libraries/LibWeb/Painting/DisplayList.h:55	impl
Web::Painting::DisplayListPlayer::draw_ellipse [dispatch]	luce-browser-render	display_list	display_list_player_draw_ellipse	Libraries/LibWeb/Painting/DisplayList.h:23	dispatcher
Web::Painting::DisplayListPlayer::draw_external_content	luce-browser-render	display_list	display_list_player_draw_external_content_impl	Libraries/LibWeb/Painting/DisplayList.h:40	impl
Web::Painting::DisplayListPlayer::draw_external_content [dispatch]	luce-browser-render	display_list	display_list_player_draw_external_content	Libraries/LibWeb/Painting/DisplayList.h:23	dispatcher
Web::Painting::DisplayListPlayer::draw_glyph_run	luce-browser-render	display_list	display_list_player_draw_glyph_run_impl	Libraries/LibWeb/Painting/DisplayList.h:36	impl
Web::Painting::DisplayListPlayer::draw_glyph_run [dispatch]	luce-browser-render	display_list	display_list_player_draw_glyph_run	Libraries/LibWeb/Painting/DisplayList.h:23	dispatcher
Web::Painting::DisplayListPlayer::draw_line	luce-browser-render	display_list	display_list_player_draw_line_impl	Libraries/LibWeb/Painting/DisplayList.h:57	impl
Web::Painting::DisplayListPlayer::draw_line [dispatch]	luce-browser-render	display_list	display_list_player_draw_line	Libraries/LibWeb/Painting/DisplayList.h:23	dispatcher
Web::Painting::DisplayListPlayer::draw_rect	luce-browser-render	display_list	display_list_player_draw_rect_impl	Libraries/LibWeb/Painting/DisplayList.h:59	impl
Web::Painting::DisplayListPlayer::draw_rect [dispatch]	luce-browser-render	display_list	display_list_player_draw_rect	Libraries/LibWeb/Painting/DisplayList.h:23	dispatcher
Web::Painting::DisplayListPlayer::draw_repeated_immutable_bitmap	luce-browser-render	display_list	display_list_player_draw_repeated_immutable_bitmap_impl	Libraries/LibWeb/Painting/DisplayList.h:39	impl
Web::Painting::DisplayListPlayer::draw_repeated_immutable_bitmap [dispatch]	luce-browser-render	display_list	display_list_player_draw_repeated_immutable_bitmap	Libraries/LibWeb/Painting/DisplayList.h:23	dispatcher
Web::Painting::DisplayListPlayer::draw_scaled_immutable_bitmap	luce-browser-render	display_list	display_list_player_draw_scaled_immutable_bitmap_impl	Libraries/LibWeb/Painting/DisplayList.h:38	impl
Web::Painting::DisplayListPlayer::draw_scaled_immutable_bitmap [dispatch]	luce-browser-render	display_list	display_list_player_draw_scaled_immutable_bitmap	Libraries/LibWeb/Painting/DisplayList.h:23	dispatcher
Web::Painting::DisplayListPlayer::execute	luce-browser-render	display_list	display_list_player_execute	Libraries/LibWeb/Painting/DisplayList.cpp:43	ported
Web::Painting::DisplayListPlayer::execute_display_list_into_surface	luce-browser-render	display_list	display_list_player_execute_display_list_into_surface	Libraries/LibWeb/Painting/DisplayList.cpp:58	ported
Web::Painting::DisplayListPlayer::execute_impl	luce-browser-render	display_list	display_list_player_execute_impl	Libraries/LibWeb/Painting/DisplayList.cpp:65	ported
Web::Painting::DisplayListPlayer::fill_ellipse	luce-browser-render	display_list	display_list_player_fill_ellipse_impl	Libraries/LibWeb/Painting/DisplayList.h:56	impl
Web::Painting::DisplayListPlayer::fill_ellipse [dispatch]	luce-browser-render	display_list	display_list_player_fill_ellipse	Libraries/LibWeb/Painting/DisplayList.h:23	dispatcher
Web::Painting::DisplayListPlayer::fill_path	luce-browser-render	display_list	display_list_player_fill_path_impl	Libraries/LibWeb/Painting/DisplayList.h:53	impl
Web::Painting::DisplayListPlayer::fill_path [dispatch]	luce-browser-render	display_list	display_list_player_fill_path	Libraries/LibWeb/Painting/DisplayList.h:23	dispatcher
Web::Painting::DisplayListPlayer::fill_rect	luce-browser-render	display_list	display_list_player_fill_rect_impl	Libraries/LibWeb/Painting/DisplayList.h:37	impl
Web::Painting::DisplayListPlayer::fill_rect [dispatch]	luce-browser-render	display_list	display_list_player_fill_rect	Libraries/LibWeb/Painting/DisplayList.h:23	dispatcher
Web::Painting::DisplayListPlayer::fill_rect_with_rounded_corners	luce-browser-render	display_list	display_list_player_fill_rect_with_rounded_corners_impl	Libraries/LibWeb/Painting/DisplayList.h:52	impl
Web::Painting::DisplayListPlayer::fill_rect_with_rounded_corners [dispatch]	luce-browser-render	display_list	display_list_player_fill_rect_with_rounded_corners	Libraries/LibWeb/Painting/DisplayList.h:23	dispatcher
Web::Painting::DisplayListPlayer::flush	luce-browser-render	display_list	display_list_player_flush_impl	Libraries/LibWeb/Painting/DisplayList.h:35	impl
Web::Painting::DisplayListPlayer::flush [dispatch]	luce-browser-render	display_list	display_list_player_flush	Libraries/LibWeb/Painting/DisplayList.h:23	dispatcher
Web::Painting::DisplayListPlayer::paint_conic_gradient	luce-browser-render	display_list	display_list_player_paint_conic_gradient_impl	Libraries/LibWeb/Painting/DisplayList.h:48	impl
Web::Painting::DisplayListPlayer::paint_conic_gradient [dispatch]	luce-browser-render	display_list	display_list_player_paint_conic_gradient	Libraries/LibWeb/Painting/DisplayList.h:23	dispatcher
Web::Painting::DisplayListPlayer::paint_inner_box_shadow	luce-browser-render	display_list	display_list_player_paint_inner_box_shadow_impl	Libraries/LibWeb/Painting/DisplayList.h:50	impl
Web::Painting::DisplayListPlayer::paint_inner_box_shadow [dispatch]	luce-browser-render	display_list	display_list_player_paint_inner_box_shadow	Libraries/LibWeb/Painting/DisplayList.h:23	dispatcher
Web::Painting::DisplayListPlayer::paint_linear_gradient	luce-browser-render	display_list	display_list_player_paint_linear_gradient_impl	Libraries/LibWeb/Painting/DisplayList.h:46	impl
Web::Painting::DisplayListPlayer::paint_linear_gradient [dispatch]	luce-browser-render	display_list	display_list_player_paint_linear_gradient	Libraries/LibWeb/Painting/DisplayList.h:23	dispatcher
Web::Painting::DisplayListPlayer::paint_nested_display_list	luce-browser-render	display_list	display_list_player_paint_nested_display_list_impl	Libraries/LibWeb/Painting/DisplayList.h:61	impl
Web::Painting::DisplayListPlayer::paint_nested_display_list [dispatch]	luce-browser-render	display_list	display_list_player_paint_nested_display_list	Libraries/LibWeb/Painting/DisplayList.h:23	dispatcher
Web::Painting::DisplayListPlayer::paint_outer_box_shadow	luce-browser-render	display_list	display_list_player_paint_outer_box_shadow_impl	Libraries/LibWeb/Painting/DisplayList.h:49	impl
Web::Painting::DisplayListPlayer::paint_outer_box_shadow [dispatch]	luce-browser-render	display_list	display_list_player_paint_outer_box_shadow	Libraries/LibWeb/Painting/DisplayList.h:23	dispatcher
Web::Painting::DisplayListPlayer::paint_radial_gradient	luce-browser-render	display_list	display_list_player_paint_radial_gradient_impl	Libraries/LibWeb/Painting/DisplayList.h:47	impl
Web::Painting::DisplayListPlayer::paint_radial_gradient [dispatch]	luce-browser-render	display_list	display_list_player_paint_radial_gradient	Libraries/LibWeb/Painting/DisplayList.h:23	dispatcher
Web::Painting::DisplayListPlayer::paint_scrollbar	luce-browser-render	display_list	display_list_player_paint_scrollbar_impl	Libraries/LibWeb/Painting/DisplayList.h:62	impl
Web::Painting::DisplayListPlayer::paint_scrollbar [dispatch]	luce-browser-render	display_list	display_list_player_paint_scrollbar	Libraries/LibWeb/Painting/DisplayList.h:23	dispatcher
Web::Painting::DisplayListPlayer::paint_text_shadow	luce-browser-render	display_list	display_list_player_paint_text_shadow_impl	Libraries/LibWeb/Painting/DisplayList.h:51	impl
Web::Painting::DisplayListPlayer::paint_text_shadow [dispatch]	luce-browser-render	display_list	display_list_player_paint_text_shadow	Libraries/LibWeb/Painting/DisplayList.h:23	dispatcher
Web::Painting::DisplayListPlayer::restore	luce-browser-render	display_list	display_list_player_restore_impl	Libraries/LibWeb/Painting/DisplayList.h:43	impl
Web::Painting::DisplayListPlayer::restore [dispatch]	luce-browser-render	display_list	display_list_player_restore	Libraries/LibWeb/Painting/DisplayList.h:23	dispatcher
Web::Painting::DisplayListPlayer::save	luce-browser-render	display_list	display_list_player_save_impl	Libraries/LibWeb/Painting/DisplayList.h:41	impl
Web::Painting::DisplayListPlayer::save [dispatch]	luce-browser-render	display_list	display_list_player_save	Libraries/LibWeb/Painting/DisplayList.h:23	dispatcher
Web::Painting::DisplayListPlayer::save_layer	luce-browser-render	display_list	display_list_player_save_layer_impl	Libraries/LibWeb/Painting/DisplayList.h:42	impl
Web::Painting::DisplayListPlayer::save_layer [dispatch]	luce-browser-render	display_list	display_list_player_save_layer	Libraries/LibWeb/Painting/DisplayList.h:23	dispatcher
Web::Painting::DisplayListPlayer::stroke_path	luce-browser-render	display_list	display_list_player_stroke_path_impl	Libraries/LibWeb/Painting/DisplayList.h:54	impl
Web::Painting::DisplayListPlayer::stroke_path [dispatch]	luce-browser-render	display_list	display_list_player_stroke_path	Libraries/LibWeb/Painting/DisplayList.h:23	dispatcher
Web::Painting::DisplayListPlayer::surface	luce-browser-render	display_list	display_list_player_surface	Libraries/LibWeb/Painting/DisplayList.h:30	ported
Web::Painting::DisplayListPlayer::translate	luce-browser-render	display_list	display_list_player_translate_impl	Libraries/LibWeb/Painting/DisplayList.h:44	impl
Web::Painting::DisplayListPlayer::translate [dispatch]	luce-browser-render	display_list	display_list_player_translate	Libraries/LibWeb/Painting/DisplayList.h:23	dispatcher
Web::Painting::DisplayListPlayer::would_be_fully_clipped_by_painter	luce-browser-render	display_list	display_list_player_would_be_fully_clipped_by_painter_impl	Libraries/LibWeb/Painting/DisplayList.h:65	impl
Web::Painting::DisplayListPlayer::would_be_fully_clipped_by_painter [dispatch]	luce-browser-render	display_list	display_list_player_would_be_fully_clipped_by_painter	Libraries/LibWeb/Painting/DisplayList.h:23	dispatcher
Web::Painting::DisplayListPlayerSkia	luce-browser-render	display_list	DisplayListPlayerCpu	Libraries/LibWeb/Painting/DisplayListPlayerSkia.h:18	replaced (DESIGN.md §7.3: DisplayListPlayerCpu)
Web::Painting::DisplayListPlayerSkia::DisplayListPlayerSkia	luce-browser-render	display_list	display_list_player_cpu_construct	Libraries/LibWeb/Painting/DisplayListPlayerSkia.h:20	replaced (DESIGN.md §7.3: DisplayListPlayerCpu)
Web::Painting::DisplayListPlayerSkia::add_clip_path	luce-browser-render	display_list	display_list_player_cpu_add_clip_path_impl	Libraries/LibWeb/Painting/DisplayListPlayerSkia.h:55	replaced (DESIGN.md §7.3: DisplayListPlayerCpu)
Web::Painting::DisplayListPlayerSkia::add_clip_rect	luce-browser-render	display_list	display_list_player_cpu_add_clip_rect_impl	Libraries/LibWeb/Painting/DisplayListPlayerSkia.h:30	replaced (DESIGN.md §7.3: DisplayListPlayerCpu)
Web::Painting::DisplayListPlayerSkia::add_rounded_rect_clip	luce-browser-render	display_list	display_list_player_cpu_add_rounded_rect_clip_impl	Libraries/LibWeb/Painting/DisplayListPlayerSkia.h:49	replaced (DESIGN.md §7.3: DisplayListPlayerCpu)
Web::Painting::DisplayListPlayerSkia::apply_backdrop_filter	luce-browser-render	display_list	display_list_player_cpu_apply_backdrop_filter_impl	Libraries/LibWeb/Painting/DisplayListPlayerSkia.h:45	replaced (DESIGN.md §7.3: DisplayListPlayerCpu)
Web::Painting::DisplayListPlayerSkia::apply_effects	luce-browser-render	display_list	display_list_player_cpu_apply_effects_impl	Libraries/LibWeb/Painting/DisplayListPlayerSkia.h:52	replaced (DESIGN.md §7.3: DisplayListPlayerCpu)
Web::Painting::DisplayListPlayerSkia::apply_transform	luce-browser-render	display_list	display_list_player_cpu_apply_transform_impl	Libraries/LibWeb/Painting/DisplayListPlayerSkia.h:53	replaced (DESIGN.md §7.3: DisplayListPlayerCpu)
Web::Painting::DisplayListPlayerSkia::draw_ellipse	luce-browser-render	display_list	display_list_player_cpu_draw_ellipse_impl	Libraries/LibWeb/Painting/DisplayListPlayerSkia.h:42	replaced (DESIGN.md §7.3: DisplayListPlayerCpu)
Web::Painting::DisplayListPlayerSkia::draw_external_content	luce-browser-render	display_list	display_list_player_cpu_draw_external_content_impl	Libraries/LibWeb/Painting/DisplayListPlayerSkia.h:29	replaced (DESIGN.md §7.3: DisplayListPlayerCpu)
Web::Painting::DisplayListPlayerSkia::draw_glyph_run	luce-browser-render	display_list	display_list_player_cpu_draw_glyph_run_impl	Libraries/LibWeb/Painting/DisplayListPlayerSkia.h:25	replaced (DESIGN.md §7.3: DisplayListPlayerCpu)
Web::Painting::DisplayListPlayerSkia::draw_line	luce-browser-render	display_list	display_list_player_cpu_draw_line_impl	Libraries/LibWeb/Painting/DisplayListPlayerSkia.h:44	replaced (DESIGN.md §7.3: DisplayListPlayerCpu)
Web::Painting::DisplayListPlayerSkia::draw_rect	luce-browser-render	display_list	display_list_player_cpu_draw_rect_impl	Libraries/LibWeb/Painting/DisplayListPlayerSkia.h:46	replaced (DESIGN.md §7.3: DisplayListPlayerCpu)
Web::Painting::DisplayListPlayerSkia::draw_repeated_immutable_bitmap	luce-browser-render	display_list	display_list_player_cpu_draw_repeated_immutable_bitmap_impl	Libraries/LibWeb/Painting/DisplayListPlayerSkia.h:28	replaced (DESIGN.md §7.3: DisplayListPlayerCpu)
Web::Painting::DisplayListPlayerSkia::draw_scaled_immutable_bitmap	luce-browser-render	display_list	display_list_player_cpu_draw_scaled_immutable_bitmap_impl	Libraries/LibWeb/Painting/DisplayListPlayerSkia.h:27	replaced (DESIGN.md §7.3: DisplayListPlayerCpu)
Web::Painting::DisplayListPlayerSkia::fill_ellipse	luce-browser-render	display_list	display_list_player_cpu_fill_ellipse_impl	Libraries/LibWeb/Painting/DisplayListPlayerSkia.h:43	replaced (DESIGN.md §7.3: DisplayListPlayerCpu)
Web::Painting::DisplayListPlayerSkia::fill_path	luce-browser-render	display_list	display_list_player_cpu_fill_path_impl	Libraries/LibWeb/Painting/DisplayListPlayerSkia.h:40	replaced (DESIGN.md §7.3: DisplayListPlayerCpu)
Web::Painting::DisplayListPlayerSkia::fill_rect	luce-browser-render	display_list	display_list_player_cpu_fill_rect_impl	Libraries/LibWeb/Painting/DisplayListPlayerSkia.h:26	replaced (DESIGN.md §7.3: DisplayListPlayerCpu)
Web::Painting::DisplayListPlayerSkia::fill_rect_with_rounded_corners	luce-browser-render	display_list	display_list_player_cpu_fill_rect_with_rounded_corners_impl	Libraries/LibWeb/Painting/DisplayListPlayerSkia.h:39	replaced (DESIGN.md §7.3: DisplayListPlayerCpu)
Web::Painting::DisplayListPlayerSkia::flush	luce-browser-render	display_list	display_list_player_cpu_flush_impl	Libraries/LibWeb/Painting/DisplayListPlayerSkia.h:24	replaced (DESIGN.md §7.3: DisplayListPlayerCpu)
Web::Painting::DisplayListPlayerSkia::paint_conic_gradient	luce-browser-render	display_list	display_list_player_cpu_paint_conic_gradient_impl	Libraries/LibWeb/Painting/DisplayListPlayerSkia.h:48	replaced (DESIGN.md §7.3: DisplayListPlayerCpu)
Web::Painting::DisplayListPlayerSkia::paint_inner_box_shadow	luce-browser-render	display_list	display_list_player_cpu_paint_inner_box_shadow_impl	Libraries/LibWeb/Painting/DisplayListPlayerSkia.h:37	replaced (DESIGN.md §7.3: DisplayListPlayerCpu)
Web::Painting::DisplayListPlayerSkia::paint_linear_gradient	luce-browser-render	display_list	display_list_player_cpu_paint_linear_gradient_impl	Libraries/LibWeb/Painting/DisplayListPlayerSkia.h:35	replaced (DESIGN.md §7.3: DisplayListPlayerCpu)
Web::Painting::DisplayListPlayerSkia::paint_nested_display_list	luce-browser-render	display_list	display_list_player_cpu_paint_nested_display_list_impl	Libraries/LibWeb/Painting/DisplayListPlayerSkia.h:51	replaced (DESIGN.md §7.3: DisplayListPlayerCpu)
Web::Painting::DisplayListPlayerSkia::paint_outer_box_shadow	luce-browser-render	display_list	display_list_player_cpu_paint_outer_box_shadow_impl	Libraries/LibWeb/Painting/DisplayListPlayerSkia.h:36	replaced (DESIGN.md §7.3: DisplayListPlayerCpu)
Web::Painting::DisplayListPlayerSkia::paint_radial_gradient	luce-browser-render	display_list	display_list_player_cpu_paint_radial_gradient_impl	Libraries/LibWeb/Painting/DisplayListPlayerSkia.h:47	replaced (DESIGN.md §7.3: DisplayListPlayerCpu)
Web::Painting::DisplayListPlayerSkia::paint_scrollbar	luce-browser-render	display_list	display_list_player_cpu_paint_scrollbar_impl	Libraries/LibWeb/Painting/DisplayListPlayerSkia.h:50	replaced (DESIGN.md §7.3: DisplayListPlayerCpu)
Web::Painting::DisplayListPlayerSkia::paint_style_to_skia_paint	luce-browser-render	display_list	display_list_player_cpu_paint_style_to_shader	Libraries/LibWeb/Painting/DisplayListPlayerSkia.h:59	replaced (DESIGN.md §7.3: DisplayListPlayerCpu)
Web::Painting::DisplayListPlayerSkia::paint_text_shadow	luce-browser-render	display_list	display_list_player_cpu_paint_text_shadow_impl	Libraries/LibWeb/Painting/DisplayListPlayerSkia.h:38	replaced (DESIGN.md §7.3: DisplayListPlayerCpu)
Web::Painting::DisplayListPlayerSkia::restore	luce-browser-render	display_list	display_list_player_cpu_restore_impl	Libraries/LibWeb/Painting/DisplayListPlayerSkia.h:33	replaced (DESIGN.md §7.3: DisplayListPlayerCpu)
Web::Painting::DisplayListPlayerSkia::save	luce-browser-render	display_list	display_list_player_cpu_save_impl	Libraries/LibWeb/Painting/DisplayListPlayerSkia.h:31	replaced (DESIGN.md §7.3: DisplayListPlayerCpu)
Web::Painting::DisplayListPlayerSkia::save_layer	luce-browser-render	display_list	display_list_player_cpu_save_layer_impl	Libraries/LibWeb/Painting/DisplayListPlayerSkia.h:32	replaced (DESIGN.md §7.3: DisplayListPlayerCpu)
Web::Painting::DisplayListPlayerSkia::stroke_path	luce-browser-render	display_list	display_list_player_cpu_stroke_path_impl	Libraries/LibWeb/Painting/DisplayListPlayerSkia.h:41	replaced (DESIGN.md §7.3: DisplayListPlayerCpu)
Web::Painting::DisplayListPlayerSkia::translate	luce-browser-render	display_list	display_list_player_cpu_translate_impl	Libraries/LibWeb/Painting/DisplayListPlayerSkia.h:34	replaced (DESIGN.md §7.3: DisplayListPlayerCpu)
Web::Painting::DisplayListPlayerSkia::would_be_fully_clipped_by_painter	luce-browser-render	display_list	display_list_player_cpu_would_be_fully_clipped_by_painter_impl	Libraries/LibWeb/Painting/DisplayListPlayerSkia.h:57	replaced (DESIGN.md §7.3: DisplayListPlayerCpu)
Web::Painting::DisplayListRecorder	luce-browser-render	display_list	DisplayListRecorder	Libraries/LibWeb/Painting/DisplayListRecorder.h:33	struct
Web::Painting::DisplayListRecorder::CommandCapture	luce-browser-render	display_list	DisplayListRecorderCommandCapture	Libraries/LibWeb/Painting/DisplayListRecorder.h:95	struct (fields filled by r51a)
Web::Painting::DisplayListRecorder::CommandCapture::CommandCapture	luce-browser-render	display_list	display_list_recorder_command_capture_construct	Libraries/LibWeb/Painting/DisplayListRecorder.cpp:23	ported
Web::Painting::DisplayListRecorder::CommandCapture::take	luce-browser-render	display_list	display_list_recorder_command_capture_take	Libraries/LibWeb/Painting/DisplayListRecorder.cpp:34	ported
Web::Painting::DisplayListRecorder::CommandCapture::~CommandCapture	luce-browser-render	display_list	display_list_recorder_command_capture_destroy	Libraries/LibWeb/Painting/DisplayListRecorder.cpp:28	ported (called where the C++ capture goes out of scope)
Web::Painting::DisplayListRecorder::DisplayListRecorder	luce-browser-render	display_list	display_list_recorder_construct	Libraries/LibWeb/Painting/DisplayListRecorder.cpp:14	construct
Web::Painting::DisplayListRecorder::FillPathParams	luce-browser-render	display_list	DisplayListRecorderFillPathParams	Libraries/LibWeb/Painting/DisplayListRecorder.h:41	struct (fields filled by r51a)
Web::Painting::DisplayListRecorder::MaskInfo	luce-browser-render	display_list	DisplayListRecorderMaskInfo	Libraries/LibWeb/Painting/DisplayListRecorder.h:122	struct (fields filled by r51a)
Web::Painting::DisplayListRecorder::StrokePathParams	luce-browser-render	display_list	DisplayListRecorderStrokePathParams	Libraries/LibWeb/Painting/DisplayListRecorder.h:50	struct (fields filled by r51a)
Web::Painting::DisplayListRecorder::accumulated_visual_context	luce-browser-render	display_list	display_list_recorder_accumulated_visual_context	Libraries/LibWeb/Painting/DisplayListRecorder.h:91	ported
Web::Painting::DisplayListRecorder::add_clip_rect	luce-browser-render	display_list	display_list_recorder_add_clip_rect	Libraries/LibWeb/Painting/DisplayListRecorder.cpp:315	ported
Web::Painting::DisplayListRecorder::add_rounded_rect_clip	luce-browser-render	display_list	display_list_recorder_add_rounded_rect_clip	Libraries/LibWeb/Painting/DisplayListRecorder.cpp:94	ported
Web::Painting::DisplayListRecorder::apply_backdrop_filter	luce-browser-render	display_list	display_list_recorder_apply_backdrop_filter	Libraries/LibWeb/Painting/DisplayListRecorder.cpp:340	ported
Web::Painting::DisplayListRecorder::apply_effects	luce-browser-render	display_list	display_list_recorder_apply_effects	Libraries/LibWeb/Painting/DisplayListRecorder.cpp:416	ported
Web::Painting::DisplayListRecorder::begin_command_capture	luce-browser-render	display_list	display_list_recorder_begin_command_capture	Libraries/LibWeb/Painting/DisplayListRecorder.cpp:41	ported
Web::Painting::DisplayListRecorder::begin_masks	luce-browser-render	display_list	display_list_recorder_begin_masks	Libraries/LibWeb/Painting/DisplayListRecorder.cpp:99	ported
Web::Painting::DisplayListRecorder::draw_ellipse	luce-browser-render	display_list	display_list_recorder_draw_ellipse	Libraries/LibWeb/Painting/DisplayListRecorder.cpp:179	ported
Web::Painting::DisplayListRecorder::draw_external_content	luce-browser-render	display_list	display_list_recorder_draw_external_content	Libraries/LibWeb/Painting/DisplayListRecorder.cpp:235	ported
Web::Painting::DisplayListRecorder::draw_glyph_run	luce-browser-render	display_list	display_list_recorder_draw_glyph_run	Libraries/LibWeb/Painting/DisplayListRecorder.cpp:301	ported
Web::Painting::DisplayListRecorder::draw_line	luce-browser-render	display_list	display_list_recorder_draw_line	Libraries/LibWeb/Painting/DisplayListRecorder.cpp:265	ported
Web::Painting::DisplayListRecorder::draw_rect	luce-browser-render	display_list	display_list_recorder_draw_rect	Libraries/LibWeb/Painting/DisplayListRecorder.cpp:225	ported
Web::Painting::DisplayListRecorder::draw_repeated_immutable_bitmap	luce-browser-render	display_list	display_list_recorder_draw_repeated_immutable_bitmap	Libraries/LibWeb/Painting/DisplayListRecorder.cpp:254	ported
Web::Painting::DisplayListRecorder::draw_scaled_immutable_bitmap	luce-browser-render	display_list	display_list_recorder_draw_scaled_immutable_bitmap	Libraries/LibWeb/Painting/DisplayListRecorder.cpp:242	ported
Web::Painting::DisplayListRecorder::draw_text	luce-browser-render	display_list	display_list_recorder_draw_text	Libraries/LibWeb/Painting/DisplayListRecorder.cpp:279	ported
Web::Painting::DisplayListRecorder::end_capture	luce-browser-render	display_list	display_list_recorder_end_capture	Libraries/LibWeb/Painting/DisplayListRecorder.cpp:49	ported
Web::Painting::DisplayListRecorder::end_masks	luce-browser-render	display_list	display_list_recorder_end_masks	Libraries/LibWeb/Painting/DisplayListRecorder.cpp:108	ported
Web::Painting::DisplayListRecorder::fill_ellipse	luce-browser-render	display_list	display_list_recorder_fill_ellipse	Libraries/LibWeb/Painting/DisplayListRecorder.cpp:190	ported
Web::Painting::DisplayListRecorder::fill_path	luce-browser-render	display_list	display_list_recorder_fill_path	Libraries/LibWeb/Painting/DisplayListRecorder.cpp:135	ported
Web::Painting::DisplayListRecorder::fill_rect	luce-browser-render	display_list	display_list_recorder_fill_rect	Libraries/LibWeb/Painting/DisplayListRecorder.cpp:121	ported
Web::Painting::DisplayListRecorder::fill_rect_transparent	luce-browser-render	display_list	display_list_recorder_fill_rect_transparent	Libraries/LibWeb/Painting/DisplayListRecorder.cpp:128	ported
Web::Painting::DisplayListRecorder::fill_rect_with_conic_gradient	luce-browser-render	display_list	display_list_recorder_fill_rect_with_conic_gradient	Libraries/LibWeb/Painting/DisplayListRecorder.cpp:204	ported
Web::Painting::DisplayListRecorder::fill_rect_with_linear_gradient	luce-browser-render	display_list	display_list_recorder_fill_rect_with_linear_gradient	Libraries/LibWeb/Painting/DisplayListRecorder.cpp:197	ported
Web::Painting::DisplayListRecorder::fill_rect_with_radial_gradient	luce-browser-render	display_list	display_list_recorder_fill_rect_with_radial_gradient	Libraries/LibWeb/Painting/DisplayListRecorder.cpp:214	ported
Web::Painting::DisplayListRecorder::fill_rect_with_rounded_corners	luce-browser-render	display_list	display_list_recorder_fill_rect_with_rounded_corners_corner_radii	Libraries/LibWeb/Painting/DisplayListRecorder.cpp:373	ported
Web::Painting::DisplayListRecorder::fill_rect_with_rounded_corners	luce-browser-render	display_list	display_list_recorder_fill_rect_with_rounded_corners_i32	Libraries/LibWeb/Painting/DisplayListRecorder.cpp:390	ported
Web::Painting::DisplayListRecorder::fill_rect_with_rounded_corners	luce-browser-render	display_list	display_list_recorder_fill_rect_with_rounded_corners_i32_i32	Libraries/LibWeb/Painting/DisplayListRecorder.cpp:395	ported
Web::Painting::DisplayListRecorder::paint_inner_box_shadow	luce-browser-render	display_list	display_list_recorder_paint_inner_box_shadow	Libraries/LibWeb/Painting/DisplayListRecorder.cpp:356	ported
Web::Painting::DisplayListRecorder::paint_nested_display_list	luce-browser-render	display_list	display_list_recorder_paint_nested_display_list	Libraries/LibWeb/Painting/DisplayListRecorder.cpp:89	ported
Web::Painting::DisplayListRecorder::paint_outer_box_shadow	luce-browser-render	display_list	display_list_recorder_paint_outer_box_shadow	Libraries/LibWeb/Painting/DisplayListRecorder.cpp:351	ported
Web::Painting::DisplayListRecorder::paint_scrollbar	luce-browser-render	display_list	display_list_recorder_paint_scrollbar	Libraries/LibWeb/Painting/DisplayListRecorder.cpp:404	ported
Web::Painting::DisplayListRecorder::paint_text_shadow	luce-browser-render	display_list	display_list_recorder_paint_text_shadow	Libraries/LibWeb/Painting/DisplayListRecorder.cpp:361	ported
Web::Painting::DisplayListRecorder::replay_cached_commands	luce-browser-render	display_list	display_list_recorder_replay_cached_commands	Libraries/LibWeb/Painting/DisplayListRecorder.cpp:76	ported
Web::Painting::DisplayListRecorder::restore	luce-browser-render	display_list	display_list_recorder_restore	Libraries/LibWeb/Painting/DisplayListRecorder.cpp:335	ported
Web::Painting::DisplayListRecorder::save	luce-browser-render	display_list	display_list_recorder_save	Libraries/LibWeb/Painting/DisplayListRecorder.cpp:325	ported
Web::Painting::DisplayListRecorder::save_layer	luce-browser-render	display_list	display_list_recorder_save_layer	Libraries/LibWeb/Painting/DisplayListRecorder.cpp:330	ported
Web::Painting::DisplayListRecorder::set_accumulated_visual_context	luce-browser-render	display_list	display_list_recorder_set_accumulated_visual_context	Libraries/LibWeb/Painting/DisplayListRecorder.h:90	ported
Web::Painting::DisplayListRecorder::stroke_path	luce-browser-render	display_list	display_list_recorder_stroke_path	Libraries/LibWeb/Painting/DisplayListRecorder.cpp:152	ported
Web::Painting::DisplayListRecorder::translate	luce-browser-render	display_list	display_list_recorder_translate	Libraries/LibWeb/Painting/DisplayListRecorder.cpp:320	ported
Web::Painting::DisplayListRecorderStateSaver	luce-browser-render	display_list	DisplayListRecorderStateSaver	Libraries/LibWeb/Painting/DisplayListRecorder.h:159	struct
Web::Painting::DisplayListRecorderStateSaver::DisplayListRecorderStateSaver	luce-browser-render	display_list	display_list_recorder_state_saver_construct	Libraries/LibWeb/Painting/DisplayListRecorder.h:161	construct
Web::Painting::DisplayListRecorderStateSaver::~DisplayListRecorderStateSaver	luce-browser-render	display_list	display_list_recorder_state_saver_destroy	Libraries/LibWeb/Painting/DisplayListRecorder.h:167	ported (called where the C++ saver goes out of scope)
Web::Painting::DrawEllipse	luce-browser-render	display_list	DrawEllipse	Libraries/LibWeb/Painting/DisplayListCommand.h:241	struct
Web::Painting::DrawEllipse::bounding_rect	luce-browser-render	display_list	draw_ellipse_bounding_rect	Libraries/LibWeb/Painting/DisplayListCommand.h:248	ported
Web::Painting::DrawEllipse::command_name	luce-browser-render	display_list	draw_ellipse_command_name	Libraries/LibWeb/Painting/DisplayListCommand.h:242	constant (str)
Web::Painting::DrawEllipse::dump	luce-browser-render	display_list	draw_ellipse_dump	Libraries/LibWeb/Painting/DisplayListCommand.cpp:119	ported
Web::Painting::DrawExternalContent	luce-browser-render	display_list	DrawExternalContent	Libraries/LibWeb/Painting/DisplayListCommand.h:91	struct
Web::Painting::DrawExternalContent::bounding_rect	luce-browser-render	display_list	draw_external_content_bounding_rect	Libraries/LibWeb/Painting/DisplayListCommand.h:98	ported
Web::Painting::DrawExternalContent::command_name	luce-browser-render	display_list	draw_external_content_command_name	Libraries/LibWeb/Painting/DisplayListCommand.h:92	constant (str)
Web::Painting::DrawExternalContent::dump	luce-browser-render	display_list	draw_external_content_dump	Libraries/LibWeb/Painting/DisplayListCommand.cpp:48	ported
Web::Painting::DrawGlyphRun	luce-browser-render	display_list	DrawGlyphRun	Libraries/LibWeb/Painting/DisplayListCommand.h:38	struct
Web::Painting::DrawGlyphRun::bounding_rect	luce-browser-render	display_list	draw_glyph_run_bounding_rect	Libraries/LibWeb/Painting/DisplayListCommand.cpp:23	ported
Web::Painting::DrawGlyphRun::command_name	luce-browser-render	display_list	draw_glyph_run_command_name	Libraries/LibWeb/Painting/DisplayListCommand.h:39	constant (str)
Web::Painting::DrawGlyphRun::dump	luce-browser-render	display_list	draw_glyph_run_dump	Libraries/LibWeb/Painting/DisplayListCommand.cpp:28	ported
Web::Painting::DrawLine	luce-browser-render	display_list	DrawLine	Libraries/LibWeb/Painting/DisplayListCommand.h:264	struct
Web::Painting::DrawLine::bounding_rect	luce-browser-render	display_list	draw_line_bounding_rect	Libraries/LibWeb/Painting/DisplayListCommand.h:274	ported
Web::Painting::DrawLine::command_name	luce-browser-render	display_list	draw_line_command_name	Libraries/LibWeb/Painting/DisplayListCommand.h:265	constant (str)
Web::Painting::DrawLine::dump	luce-browser-render	display_list	draw_line_dump	Libraries/LibWeb/Painting/DisplayListCommand.cpp:129	ported
Web::Painting::DrawRect	luce-browser-render	display_list	DrawRect	Libraries/LibWeb/Painting/DisplayListCommand.h:290	struct
Web::Painting::DrawRect::bounding_rect	luce-browser-render	display_list	draw_rect_bounding_rect	Libraries/LibWeb/Painting/DisplayListCommand.h:297	ported
Web::Painting::DrawRect::command_name	luce-browser-render	display_list	draw_rect_command_name	Libraries/LibWeb/Painting/DisplayListCommand.h:291	constant (str)
Web::Painting::DrawRect::dump	luce-browser-render	display_list	draw_rect_dump	Libraries/LibWeb/Painting/DisplayListCommand.cpp:139	ported
Web::Painting::DrawRepeatedImmutableBitmap	luce-browser-render	display_list	DrawRepeatedImmutableBitmap	Libraries/LibWeb/Painting/DisplayListCommand.h:73	struct
Web::Painting::DrawRepeatedImmutableBitmap::Repeat	luce-browser-render	display_list	DrawRepeatedImmutableBitmapRepeat	Libraries/LibWeb/Painting/DisplayListCommand.h:76	struct
Web::Painting::DrawRepeatedImmutableBitmap::bounding_rect	luce-browser-render	display_list	draw_repeated_immutable_bitmap_bounding_rect	Libraries/LibWeb/Painting/DisplayListCommand.h:87	ported
Web::Painting::DrawRepeatedImmutableBitmap::command_name	luce-browser-render	display_list	draw_repeated_immutable_bitmap_command_name	Libraries/LibWeb/Painting/DisplayListCommand.h:74	constant (str)
Web::Painting::DrawRepeatedImmutableBitmap::dump	luce-browser-render	display_list	draw_repeated_immutable_bitmap_dump	Libraries/LibWeb/Painting/DisplayListCommand.cpp:43	ported
Web::Painting::DrawScaledImmutableBitmap	luce-browser-render	display_list	DrawScaledImmutableBitmap	Libraries/LibWeb/Painting/DisplayListCommand.h:61	struct
Web::Painting::DrawScaledImmutableBitmap::bounding_rect	luce-browser-render	display_list	draw_scaled_immutable_bitmap_bounding_rect	Libraries/LibWeb/Painting/DisplayListCommand.h:69	ported
Web::Painting::DrawScaledImmutableBitmap::command_name	luce-browser-render	display_list	draw_scaled_immutable_bitmap_command_name	Libraries/LibWeb/Painting/DisplayListCommand.h:62	constant (str)
Web::Painting::DrawScaledImmutableBitmap::dump	luce-browser-render	display_list	draw_scaled_immutable_bitmap_dump	Libraries/LibWeb/Painting/DisplayListCommand.cpp:38	ported
Web::Painting::EffectsData	luce-browser-render	display_list	EffectsData	Libraries/LibWeb/Painting/AccumulatedVisualContext.h:63	struct
Web::Painting::EffectsData [default member initializers]	luce-browser-render	display_list	effects_data_init_fields	Libraries/LibWeb/Painting/AccumulatedVisualContext.h:63	init fields
Web::Painting::EffectsData::needs_layer	luce-browser-render	display_list	effects_data_needs_layer	Libraries/LibWeb/Painting/AccumulatedVisualContext.h:68	ported
Web::Painting::ExternalContentSource	luce-browser-render	display_list	ExternalContentSource	Libraries/LibWeb/Painting/ExternalContentSource.h:16	struct
Web::Painting::ExternalContentSource::clear	luce-browser-render	display_list	external_content_source_clear	Libraries/LibWeb/Painting/ExternalContentSource.cpp:27	ported
Web::Painting::ExternalContentSource::create	luce-browser-render	display_list	external_content_source_create	Libraries/LibWeb/Painting/ExternalContentSource.cpp:12	ported
Web::Painting::ExternalContentSource::current_bitmap	luce-browser-render	display_list	external_content_source_current_bitmap	Libraries/LibWeb/Painting/ExternalContentSource.cpp:36	ported
Web::Painting::ExternalContentSource::update	luce-browser-render	display_list	external_content_source_update	Libraries/LibWeb/Painting/ExternalContentSource.cpp:17	ported
Web::Painting::FillEllipse	luce-browser-render	display_list	FillEllipse	Libraries/LibWeb/Painting/DisplayListCommand.h:253	struct
Web::Painting::FillEllipse::bounding_rect	luce-browser-render	display_list	fill_ellipse_bounding_rect	Libraries/LibWeb/Painting/DisplayListCommand.h:259	ported
Web::Painting::FillEllipse::command_name	luce-browser-render	display_list	fill_ellipse_command_name	Libraries/LibWeb/Painting/DisplayListCommand.h:254	constant (str)
Web::Painting::FillEllipse::dump	luce-browser-render	display_list	fill_ellipse_dump	Libraries/LibWeb/Painting/DisplayListCommand.cpp:124	ported
Web::Painting::FillPath	luce-browser-render	display_list	FillPath	Libraries/LibWeb/Painting/DisplayListCommand.h:206	struct
Web::Painting::FillPath [default member initializers]	luce-browser-render	display_list	fill_path_init_fields	Libraries/LibWeb/Painting/DisplayListCommand.h:206	init fields
Web::Painting::FillPath::bounding_rect	luce-browser-render	display_list	fill_path_bounding_rect	Libraries/LibWeb/Painting/DisplayListCommand.h:216	ported
Web::Painting::FillPath::command_name	luce-browser-render	display_list	fill_path_command_name	Libraries/LibWeb/Painting/DisplayListCommand.h:207	constant (str)
Web::Painting::FillPath::dump	luce-browser-render	display_list	fill_path_dump	Libraries/LibWeb/Painting/DisplayListCommand.cpp:110	ported
Web::Painting::FillRect	luce-browser-render	display_list	FillRect	Libraries/LibWeb/Painting/DisplayListCommand.h:51	struct
Web::Painting::FillRect::bounding_rect	luce-browser-render	display_list	fill_rect_bounding_rect	Libraries/LibWeb/Painting/DisplayListCommand.h:57	ported
Web::Painting::FillRect::command_name	luce-browser-render	display_list	fill_rect_command_name	Libraries/LibWeb/Painting/DisplayListCommand.h:52	constant (str)
Web::Painting::FillRect::dump	luce-browser-render	display_list	fill_rect_dump	Libraries/LibWeb/Painting/DisplayListCommand.cpp:33	ported
Web::Painting::FillRectWithRoundedCorners	luce-browser-render	display_list	FillRectWithRoundedCorners	Libraries/LibWeb/Painting/DisplayListCommand.h:195	struct
Web::Painting::FillRectWithRoundedCorners::bounding_rect	luce-browser-render	display_list	fill_rect_with_rounded_corners_bounding_rect	Libraries/LibWeb/Painting/DisplayListCommand.h:202	ported
Web::Painting::FillRectWithRoundedCorners::command_name	luce-browser-render	display_list	fill_rect_with_rounded_corners_command_name	Libraries/LibWeb/Painting/DisplayListCommand.h:196	constant (str)
Web::Painting::FillRectWithRoundedCorners::dump	luce-browser-render	display_list	fill_rect_with_rounded_corners_dump	Libraries/LibWeb/Painting/DisplayListCommand.cpp:105	ported
Web::Painting::LinearGradientData	luce-browser-render	display_list	LinearGradientData	Libraries/LibWeb/Painting/GradientData.h:25	struct
Web::Painting::PaintConicGradient	luce-browser-render	display_list	PaintConicGradient	Libraries/LibWeb/Painting/DisplayListCommand.h:315	struct
Web::Painting::PaintConicGradient::bounding_rect	luce-browser-render	display_list	paint_conic_gradient_bounding_rect	Libraries/LibWeb/Painting/DisplayListCommand.h:322	ported
Web::Painting::PaintConicGradient::command_name	luce-browser-render	display_list	paint_conic_gradient_command_name	Libraries/LibWeb/Painting/DisplayListCommand.h:316	constant (str)
Web::Painting::PaintConicGradient::dump	luce-browser-render	display_list	paint_conic_gradient_dump	Libraries/LibWeb/Painting/DisplayListCommand.cpp:85	ported
Web::Painting::PaintInnerBoxShadow	luce-browser-render	display_list	PaintInnerBoxShadow	Libraries/LibWeb/Painting/DisplayListCommand.h:166	struct
Web::Painting::PaintInnerBoxShadow::bounding_rect	luce-browser-render	display_list	paint_inner_box_shadow_bounding_rect	Libraries/LibWeb/Painting/DisplayListCommand.cpp:18	ported
Web::Painting::PaintInnerBoxShadow::command_name	luce-browser-render	display_list	paint_inner_box_shadow_command_name	Libraries/LibWeb/Painting/DisplayListCommand.h:167	constant (str)
Web::Painting::PaintInnerBoxShadow::dump	luce-browser-render	display_list	paint_inner_box_shadow_dump	Libraries/LibWeb/Painting/DisplayListCommand.cpp:95	ported
Web::Painting::PaintLinearGradient	luce-browser-render	display_list	PaintLinearGradient	Libraries/LibWeb/Painting/DisplayListCommand.h:141	struct
Web::Painting::PaintLinearGradient::bounding_rect	luce-browser-render	display_list	paint_linear_gradient_bounding_rect	Libraries/LibWeb/Painting/DisplayListCommand.h:147	ported
Web::Painting::PaintLinearGradient::command_name	luce-browser-render	display_list	paint_linear_gradient_command_name	Libraries/LibWeb/Painting/DisplayListCommand.h:142	constant (str)
Web::Painting::PaintLinearGradient::dump	luce-browser-render	display_list	paint_linear_gradient_dump	Libraries/LibWeb/Painting/DisplayListCommand.cpp:75	ported
Web::Painting::PaintNestedDisplayList	luce-browser-render	display_list	PaintNestedDisplayList	Libraries/LibWeb/Painting/DisplayListCommand.h:340	struct
Web::Painting::PaintNestedDisplayList::bounding_rect	luce-browser-render	display_list	paint_nested_display_list_bounding_rect	Libraries/LibWeb/Painting/DisplayListCommand.h:346	ported
Web::Painting::PaintNestedDisplayList::command_name	luce-browser-render	display_list	paint_nested_display_list_command_name	Libraries/LibWeb/Painting/DisplayListCommand.h:341	constant (str)
Web::Painting::PaintNestedDisplayList::dump	luce-browser-render	display_list	paint_nested_display_list_dump	Libraries/LibWeb/Painting/DisplayListCommand.cpp:149	ported
Web::Painting::PaintOuterBoxShadow	luce-browser-render	display_list	PaintOuterBoxShadow	Libraries/LibWeb/Painting/DisplayListCommand.h:152	struct
Web::Painting::PaintOuterBoxShadow::bounding_rect	luce-browser-render	display_list	paint_outer_box_shadow_bounding_rect	Libraries/LibWeb/Painting/DisplayListCommand.cpp:11	ported
Web::Painting::PaintOuterBoxShadow::command_name	luce-browser-render	display_list	paint_outer_box_shadow_command_name	Libraries/LibWeb/Painting/DisplayListCommand.h:153	constant (str)
Web::Painting::PaintOuterBoxShadow::dump	luce-browser-render	display_list	paint_outer_box_shadow_dump	Libraries/LibWeb/Painting/DisplayListCommand.cpp:90	ported
Web::Painting::PaintRadialGradient	luce-browser-render	display_list	PaintRadialGradient	Libraries/LibWeb/Painting/DisplayListCommand.h:302	struct
Web::Painting::PaintRadialGradient::bounding_rect	luce-browser-render	display_list	paint_radial_gradient_bounding_rect	Libraries/LibWeb/Painting/DisplayListCommand.h:310	ported
Web::Painting::PaintRadialGradient::command_name	luce-browser-render	display_list	paint_radial_gradient_command_name	Libraries/LibWeb/Painting/DisplayListCommand.h:303	constant (str)
Web::Painting::PaintRadialGradient::dump	luce-browser-render	display_list	paint_radial_gradient_dump	Libraries/LibWeb/Painting/DisplayListCommand.cpp:80	ported
Web::Painting::PaintScrollBar	luce-browser-render	display_list	PaintScrollBar	Libraries/LibWeb/Painting/DisplayListCommand.h:351	struct
Web::Painting::PaintScrollBar::command_name	luce-browser-render	display_list	paint_scroll_bar_command_name	Libraries/LibWeb/Painting/DisplayListCommand.h:352	constant (str)
Web::Painting::PaintScrollBar::dump	luce-browser-render	display_list	paint_scroll_bar_dump	Libraries/LibWeb/Painting/DisplayListCommand.cpp:154	ported
Web::Painting::PaintTextShadow	luce-browser-render	display_list	PaintTextShadow	Libraries/LibWeb/Painting/DisplayListCommand.h:181	struct
Web::Painting::PaintTextShadow::bounding_rect	luce-browser-render	display_list	paint_text_shadow_bounding_rect	Libraries/LibWeb/Painting/DisplayListCommand.h:191	ported
Web::Painting::PaintTextShadow::command_name	luce-browser-render	display_list	paint_text_shadow_command_name	Libraries/LibWeb/Painting/DisplayListCommand.h:182	constant (str)
Web::Painting::PaintTextShadow::dump	luce-browser-render	display_list	paint_text_shadow_dump	Libraries/LibWeb/Painting/DisplayListCommand.cpp:100	ported
Web::Painting::PerspectiveData	luce-browser-render	display_list	PerspectiveData	Libraries/LibWeb/Painting/AccumulatedVisualContext.h:53	struct
Web::Painting::RadialGradientData	luce-browser-render	display_list	RadialGradientData	Libraries/LibWeb/Painting/GradientData.h:37	struct
Web::Painting::Restore	luce-browser-render	display_list	Restore	Libraries/LibWeb/Painting/DisplayListCommand.h:116	struct
Web::Painting::Restore::command_name	luce-browser-render	display_list	restore_command_name	Libraries/LibWeb/Painting/DisplayListCommand.h:117	constant (str)
Web::Painting::Restore::dump	luce-browser-render	display_list	restore_dump	Libraries/LibWeb/Painting/DisplayListCommand.cpp:61	ported
Web::Painting::Restore::nesting_level_change	luce-browser-render	display_list	restore_nesting_level_change	Libraries/LibWeb/Painting/DisplayListCommand.h:118	variable
Web::Painting::SVGGradientPaintStyle	luce-browser-render	display_list	SvgGradientPaintStyle	Libraries/LibWeb/Painting/PaintStyle.h:31	struct
Web::Painting::SVGGradientPaintStyle [default member initializers]	luce-browser-render	display_list	svg_gradient_paint_style_init_fields	Libraries/LibWeb/Painting/PaintStyle.h:31	init fields
Web::Painting::SVGGradientPaintStyle::SpreadMethod	luce-browser-render	display_list	SvgGradientPaintStyleSpreadMethod	Libraries/LibWeb/Painting/PaintStyle.h:33	enum
Web::Painting::SVGGradientPaintStyle::add_color_stop	luce-browser-render	display_list	svg_gradient_paint_style_add_color_stop_color_stop	Libraries/LibWeb/Painting/PaintStyle.h:50	ported
Web::Painting::SVGGradientPaintStyle::add_color_stop	luce-browser-render	display_list	svg_gradient_paint_style_add_color_stop_f32	Libraries/LibWeb/Painting/PaintStyle.h:45	ported
Web::Painting::SVGGradientPaintStyle::color_space	luce-browser-render	display_list	svg_gradient_paint_style_color_space	Libraries/LibWeb/Painting/PaintStyle.h:60	ported
Web::Painting::SVGGradientPaintStyle::color_stops	luce-browser-render	display_list	svg_gradient_paint_style_color_stops	Libraries/LibWeb/Painting/PaintStyle.h:57	ported
Web::Painting::SVGGradientPaintStyle::gradient_transform	luce-browser-render	display_list	svg_gradient_paint_style_gradient_transform	Libraries/LibWeb/Painting/PaintStyle.h:39	ported
Web::Painting::SVGGradientPaintStyle::repeat_length	luce-browser-render	display_list	svg_gradient_paint_style_repeat_length	Libraries/LibWeb/Painting/PaintStyle.h:58	ported
Web::Painting::SVGGradientPaintStyle::set_color_space	luce-browser-render	display_list	svg_gradient_paint_style_set_color_space	Libraries/LibWeb/Painting/PaintStyle.h:61	ported
Web::Painting::SVGGradientPaintStyle::set_gradient_transform	luce-browser-render	display_list	svg_gradient_paint_style_set_gradient_transform	Libraries/LibWeb/Painting/PaintStyle.h:40	ported
Web::Painting::SVGGradientPaintStyle::set_spread_method	luce-browser-render	display_list	svg_gradient_paint_style_set_spread_method	Libraries/LibWeb/Painting/PaintStyle.h:43	ported
Web::Painting::SVGGradientPaintStyle::spread_method	luce-browser-render	display_list	svg_gradient_paint_style_spread_method	Libraries/LibWeb/Painting/PaintStyle.h:42	ported
Web::Painting::SVGLinearGradientPaintStyle	luce-browser-render	display_list	SvgLinearGradientPaintStyle	Libraries/LibWeb/Painting/PaintStyle.h:74	struct
Web::Painting::SVGLinearGradientPaintStyle::SVGLinearGradientPaintStyle	luce-browser-render	display_list	svg_linear_gradient_paint_style_construct	Libraries/LibWeb/Painting/PaintStyle.h:88	construct
Web::Painting::SVGLinearGradientPaintStyle::create	luce-browser-render	display_list	svg_linear_gradient_paint_style_create	Libraries/LibWeb/Painting/PaintStyle.h:76	ported
Web::Painting::SVGLinearGradientPaintStyle::end_point	luce-browser-render	display_list	svg_linear_gradient_paint_style_end_point	Libraries/LibWeb/Painting/PaintStyle.h:82	ported
Web::Painting::SVGLinearGradientPaintStyle::set_end_point	luce-browser-render	display_list	svg_linear_gradient_paint_style_set_end_point	Libraries/LibWeb/Painting/PaintStyle.h:85	ported
Web::Painting::SVGLinearGradientPaintStyle::set_start_point	luce-browser-render	display_list	svg_linear_gradient_paint_style_set_start_point	Libraries/LibWeb/Painting/PaintStyle.h:84	ported
Web::Painting::SVGLinearGradientPaintStyle::start_point	luce-browser-render	display_list	svg_linear_gradient_paint_style_start_point	Libraries/LibWeb/Painting/PaintStyle.h:81	ported
Web::Painting::SVGPaintServerPaintStyle	luce-browser-render	display_list	SvgPaintServerPaintStyle	Libraries/LibWeb/Painting/PaintStyle.h:20	struct
Web::Painting::SVGPatternPaintStyle	luce-browser-render	display_list	SvgPatternPaintStyle	Libraries/LibWeb/Painting/PaintStyle.h:130	struct
Web::Painting::SVGPatternPaintStyle::SVGPatternPaintStyle	luce-browser-render	display_list	svg_pattern_paint_style_construct	Libraries/LibWeb/Painting/PaintStyle.cpp:17	construct
Web::Painting::SVGPatternPaintStyle::create	luce-browser-render	display_list	svg_pattern_paint_style_create	Libraries/LibWeb/Painting/PaintStyle.cpp:12	ported
Web::Painting::SVGPatternPaintStyle::pattern_transform	luce-browser-render	display_list	svg_pattern_paint_style_pattern_transform	Libraries/LibWeb/Painting/PaintStyle.h:138	ported
Web::Painting::SVGPatternPaintStyle::tile_display_list	luce-browser-render	display_list	svg_pattern_paint_style_tile_display_list	Libraries/LibWeb/Painting/PaintStyle.h:136	ported
Web::Painting::SVGPatternPaintStyle::tile_rect	luce-browser-render	display_list	svg_pattern_paint_style_tile_rect	Libraries/LibWeb/Painting/PaintStyle.h:137	ported
Web::Painting::SVGRadialGradientPaintStyle	luce-browser-render	display_list	SvgRadialGradientPaintStyle	Libraries/LibWeb/Painting/PaintStyle.h:98	struct
Web::Painting::SVGRadialGradientPaintStyle::SVGRadialGradientPaintStyle	luce-browser-render	display_list	svg_radial_gradient_paint_style_construct	Libraries/LibWeb/Painting/PaintStyle.h:116	construct
Web::Painting::SVGRadialGradientPaintStyle::create	luce-browser-render	display_list	svg_radial_gradient_paint_style_create	Libraries/LibWeb/Painting/PaintStyle.h:100	ported
Web::Painting::SVGRadialGradientPaintStyle::end_center	luce-browser-render	display_list	svg_radial_gradient_paint_style_end_center	Libraries/LibWeb/Painting/PaintStyle.h:107	ported
Web::Painting::SVGRadialGradientPaintStyle::end_radius	luce-browser-render	display_list	svg_radial_gradient_paint_style_end_radius	Libraries/LibWeb/Painting/PaintStyle.h:108	ported
Web::Painting::SVGRadialGradientPaintStyle::set_end_center	luce-browser-render	display_list	svg_radial_gradient_paint_style_set_end_center	Libraries/LibWeb/Painting/PaintStyle.h:112	ported
Web::Painting::SVGRadialGradientPaintStyle::set_end_radius	luce-browser-render	display_list	svg_radial_gradient_paint_style_set_end_radius	Libraries/LibWeb/Painting/PaintStyle.h:113	ported
Web::Painting::SVGRadialGradientPaintStyle::set_start_center	luce-browser-render	display_list	svg_radial_gradient_paint_style_set_start_center	Libraries/LibWeb/Painting/PaintStyle.h:110	ported
Web::Painting::SVGRadialGradientPaintStyle::set_start_radius	luce-browser-render	display_list	svg_radial_gradient_paint_style_set_start_radius	Libraries/LibWeb/Painting/PaintStyle.h:111	ported
Web::Painting::SVGRadialGradientPaintStyle::start_center	luce-browser-render	display_list	svg_radial_gradient_paint_style_start_center	Libraries/LibWeb/Painting/PaintStyle.h:105	ported
Web::Painting::SVGRadialGradientPaintStyle::start_radius	luce-browser-render	display_list	svg_radial_gradient_paint_style_start_radius	Libraries/LibWeb/Painting/PaintStyle.h:106	ported
Web::Painting::Save	luce-browser-render	display_list	Save	Libraries/LibWeb/Painting/DisplayListCommand.h:102	struct
Web::Painting::Save::command_name	luce-browser-render	display_list	save_command_name	Libraries/LibWeb/Painting/DisplayListCommand.h:103	constant (str)
Web::Painting::Save::dump	luce-browser-render	display_list	save_dump	Libraries/LibWeb/Painting/DisplayListCommand.cpp:53	ported
Web::Painting::Save::nesting_level_change	luce-browser-render	display_list	save_nesting_level_change	Libraries/LibWeb/Painting/DisplayListCommand.h:104	variable
Web::Painting::SaveLayer	luce-browser-render	display_list	SaveLayer	Libraries/LibWeb/Painting/DisplayListCommand.h:109	struct
Web::Painting::SaveLayer::command_name	luce-browser-render	display_list	save_layer_command_name	Libraries/LibWeb/Painting/DisplayListCommand.h:110	constant (str)
Web::Painting::SaveLayer::dump	luce-browser-render	display_list	save_layer_dump	Libraries/LibWeb/Painting/DisplayListCommand.cpp:57	ported
Web::Painting::SaveLayer::nesting_level_change	luce-browser-render	display_list	save_layer_nesting_level_change	Libraries/LibWeb/Painting/DisplayListCommand.h:111	variable
Web::Painting::ScrollData	luce-browser-render	display_list	ScrollData	Libraries/LibWeb/Painting/AccumulatedVisualContext.h:30	struct
Web::Painting::ScrollFrame	luce-browser-render	display_list	ScrollFrame	Libraries/LibWeb/Painting/ScrollFrame.h:34	struct
Web::Painting::ScrollFrame::has_sticky_constraints	luce-browser-render	display_list	scroll_frame_has_sticky_constraints	Libraries/LibWeb/Painting/ScrollFrame.h:53	ported
Web::Painting::ScrollFrame::is_sticky	luce-browser-render	display_list	scroll_frame_is_sticky	Libraries/LibWeb/Painting/ScrollFrame.h:41	ported
Web::Painting::ScrollFrame::own_offset	luce-browser-render	display_list	scroll_frame_own_offset	Libraries/LibWeb/Painting/ScrollFrame.h:43	ported
Web::Painting::ScrollFrame::parent_index	luce-browser-render	display_list	scroll_frame_parent_index	Libraries/LibWeb/Painting/ScrollFrame.h:50	ported
Web::Painting::ScrollFrame::set_own_offset	luce-browser-render	display_list	scroll_frame_set_own_offset	Libraries/LibWeb/Painting/ScrollFrame.h:45	ported
Web::Painting::ScrollFrame::set_sticky_constraints	luce-browser-render	display_list	scroll_frame_set_sticky_constraints	Libraries/LibWeb/Painting/ScrollFrame.h:52	ported
Web::Painting::ScrollFrame::sticky_constraints	luce-browser-render	display_list	scroll_frame_sticky_constraints	Libraries/LibWeb/Painting/ScrollFrame.h:54	ported
Web::Painting::ScrollFrameIndex_decl	luce-browser-render	display_list	ScrollFrameIndexDecl	Libraries/LibWeb/Painting/ScrollFrame.h:16	struct
Web::Painting::ScrollState	luce-browser-render	display_list	ScrollState	Libraries/LibWeb/Painting/ScrollState.h:29	struct
Web::Painting::ScrollState::ScrollState	luce-browser-render	display_list	scroll_state_construct	Libraries/LibWeb/Painting/ScrollState.h:34	construct
Web::Painting::ScrollState::clear	luce-browser-render	display_list	scroll_state_clear	Libraries/LibWeb/Painting/ScrollState.h:97	ported
Web::Painting::ScrollState::cumulative_offset	luce-browser-render	display_list	scroll_state_cumulative_offset	Libraries/LibWeb/Painting/ScrollState.h:56	ported
Web::Painting::ScrollState::for_each_scroll_frame	luce-browser-render	display_list	scroll_state_for_each_scroll_frame	Libraries/LibWeb/Painting/ScrollState.h:78	ported
Web::Painting::ScrollState::for_each_sticky_frame	luce-browser-render	display_list	scroll_state_for_each_sticky_frame	Libraries/LibWeb/Painting/ScrollState.h:88	ported
Web::Painting::ScrollState::frame_at	luce-browser-render	display_list	scroll_state_frame_at	Libraries/LibWeb/Painting/ScrollState.h:54	ported
Web::Painting::ScrollState::frame_at	luce-browser-render	display_list	scroll_state_frame_at_const	Libraries/LibWeb/Painting/ScrollState.h:53	ported
Web::Painting::ScrollState::nearest_scrolling_ancestor	luce-browser-render	display_list	scroll_state_nearest_scrolling_ancestor	Libraries/LibWeb/Painting/ScrollState.h:66	ported
Web::Painting::ScrollState::snapshot	luce-browser-render	display_list	scroll_state_snapshot	Libraries/LibWeb/Painting/ScrollState.h:105	ported
Web::Painting::ScrollStateSnapshot	luce-browser-render	display_list	ScrollStateSnapshot	Libraries/LibWeb/Painting/ScrollState.h:14	struct
Web::Painting::ScrollStateSnapshot::create	luce-browser-render	display_list	scroll_state_snapshot_create	Libraries/LibWeb/Painting/ScrollState.cpp:12	ported
Web::Painting::ScrollStateSnapshot::device_offset_for_index	luce-browser-render	display_list	scroll_state_snapshot_device_offset_for_index	Libraries/LibWeb/Painting/ScrollState.h:18	ported
Web::Painting::ShouldAntiAlias	luce-browser-render	display_list	ShouldAntiAlias	Libraries/LibWeb/Painting/ShouldAntiAlias.h:11	enum
Web::Painting::StickyConstraints	luce-browser-render	display_list	StickyConstraints	Libraries/LibWeb/Painting/ScrollFrame.h:25	struct
Web::Painting::StickyInsets	luce-browser-render	display_list	StickyInsets	Libraries/LibWeb/Painting/ScrollFrame.h:18	struct
Web::Painting::StrokePath	luce-browser-render	display_list	StrokePath	Libraries/LibWeb/Painting/DisplayListCommand.h:221	struct
Web::Painting::StrokePath::bounding_rect	luce-browser-render	display_list	stroke_path_bounding_rect	Libraries/LibWeb/Painting/DisplayListCommand.h:236	ported
Web::Painting::StrokePath::command_name	luce-browser-render	display_list	stroke_path_command_name	Libraries/LibWeb/Painting/DisplayListCommand.h:222	constant (str)
Web::Painting::StrokePath::dump	luce-browser-render	display_list	stroke_path_dump	Libraries/LibWeb/Painting/DisplayListCommand.cpp:115	ported
Web::Painting::TransformData	luce-browser-render	display_list	TransformData	Libraries/LibWeb/Painting/AccumulatedVisualContext.h:48	struct
Web::Painting::Translate	luce-browser-render	display_list	Translate	Libraries/LibWeb/Painting/DisplayListCommand.h:123	struct
Web::Painting::Translate::command_name	luce-browser-render	display_list	translate_command_name	Libraries/LibWeb/Painting/DisplayListCommand.h:124	constant (str)
Web::Painting::Translate::dump	luce-browser-render	display_list	translate_dump	Libraries/LibWeb/Painting/DisplayListCommand.cpp:65	ported
Web::Painting::VisualContextIndex_decl	luce-browser-render	display_list	VisualContextIndexDecl	Libraries/LibWeb/Painting/AccumulatedVisualContext.h:28	struct
Web::Painting::add_spread_distance_to_border_radius	luce-browser-render	display_list	add_spread_distance_to_border_radius	Libraries/LibWeb/Painting/BorderRadiiData.cpp:22	ported
Web::Painting::command_bounding_rectangle	luce-browser-render	display_list	command_bounding_rectangle	Libraries/LibWeb/Painting/DisplayList.cpp:21	ported
Web::Painting::command_is_clip	luce-browser-render	display_list	command_is_clip	Libraries/LibWeb/Painting/DisplayList.cpp:32	ported
Web::Painting::command_nesting_level_change	luce-browser-render	display_list	command_nesting_level_change	Libraries/LibWeb/Painting/DisplayListRecorder.cpp:56	ported
Web::operator!=	luce-browser-render	gfx	ne	Libraries/LibWeb/PixelUnits.h:32	ported
Web::operator%	luce-browser-render	gfx	rem	Libraries/LibWeb/PixelUnits.h:55	ported
Web::operator*	luce-browser-render	gfx	mul_css_pixels_f32	Libraries/LibWeb/PixelUnits.h:297	ported
Web::operator*	luce-browser-render	gfx	mul_css_pixels_f64	Libraries/LibWeb/PixelUnits.h:298	ported
Web::operator*	luce-browser-render	gfx	mul_f32	Libraries/LibWeb/PixelUnits.h:302	ported
Web::operator*	luce-browser-render	gfx	mul_f64	Libraries/LibWeb/PixelUnits.h:303	ported
Web::operator*	luce-browser-render	gfx	mul_i32	Libraries/LibWeb/PixelUnits.h:47	ported
Web::operator*	luce-browser-render	gfx	mul_t_i32	Libraries/LibWeb/PixelUnits.h:49	ported
Web::operator*(CSSPixels, Integral)	luce-browser-render	gfx	mul_css_pixels_int	Libraries/LibWeb/PixelUnits.h:296	ported
Web::operator*(Integral, CSSPixels)	luce-browser-render	gfx	mul_int_css_pixels	Libraries/LibWeb/PixelUnits.h:301	ported
Web::operator/	luce-browser-render	gfx	div_css_pixels_f32	Libraries/LibWeb/PixelUnits.h:416	ported
Web::operator/	luce-browser-render	gfx	div_css_pixels_f64	Libraries/LibWeb/PixelUnits.h:417	ported
Web::operator/	luce-browser-render	gfx	div_i32	Libraries/LibWeb/PixelUnits.h:52	ported
Web::operator/(CSSPixels, Integral)	luce-browser-render	gfx	div_css_pixels_int	Libraries/LibWeb/PixelUnits.h:415	ported
Web::operator<	luce-browser-render	gfx	lt_distinct_numeric	Libraries/LibWeb/PixelUnits.h:38	ported
Web::operator<	luce-browser-render	gfx	lt_f32	Libraries/LibWeb/PixelUnits.h:292	ported
Web::operator<	luce-browser-render	gfx	lt_f64	Libraries/LibWeb/PixelUnits.h:293	ported
Web::operator<(CSSPixels, Integral)	luce-browser-render	gfx	lt_int	Libraries/LibWeb/PixelUnits.h:291	ported
Web::operator<=	luce-browser-render	gfx	le	Libraries/LibWeb/PixelUnits.h:44	ported
Web::operator==	luce-browser-render	gfx	eq_css_pixels_f32	Libraries/LibWeb/PixelUnits.h:282	ported
Web::operator==	luce-browser-render	gfx	eq_css_pixels_f64	Libraries/LibWeb/PixelUnits.h:283	ported
Web::operator==	luce-browser-render	gfx	eq_i32	Libraries/LibWeb/PixelUnits.h:29	ported
Web::operator==(CSSPixels, Integral)	luce-browser-render	gfx	eq_css_pixels_int	Libraries/LibWeb/PixelUnits.h:281	ported
Web::operator>	luce-browser-render	gfx	gt_css_pixels_f32	Libraries/LibWeb/PixelUnits.h:287	ported
Web::operator>	luce-browser-render	gfx	gt_css_pixels_f64	Libraries/LibWeb/PixelUnits.h:288	ported
Web::operator>	luce-browser-render	gfx	gt_i32	Libraries/LibWeb/PixelUnits.h:35	ported
Web::operator>(CSSPixels, Integral)	luce-browser-render	gfx	gt_css_pixels_int	Libraries/LibWeb/PixelUnits.h:286	ported
Web::operator>=	luce-browser-render	gfx	ge	Libraries/LibWeb/PixelUnits.h:41	ported
abs	luce-browser-render	gfx	abs_css_pixels	Libraries/LibWeb/PixelUnits.h:429	ported
abs	luce-browser-render	gfx	abs_i32	Libraries/LibWeb/PixelUnits.h:459	ported
bad_conic_w	luce-browser-render	gfx	sk_conic_bad_w	skia/src/core/SkGeometry.cpp:1488	ported
between	luce-browser-render	gfx	sk_conic_between	skia/src/core/SkGeometry.cpp:1529	ported
between	luce-browser-render	gfx	sk_contains_between	skia/src/core/SkPathPriv.cpp:893	ported
c:@E@GrSurfaceOrigin	luce-browser-render	gfx	CEGrSurfaceOrigin	generated	opaque
c:@E@SkAlphaType	luce-browser-render	gfx	CESkAlphaType	generated	opaque
c:@E@SkColorType	luce-browser-render	gfx	CESkColorType	generated	opaque
ceil	luce-browser-render	gfx	ceil	Libraries/LibWeb/PixelUnits.h:439	ported
cheap_dist_exceeds_limit	luce-browser-render	gfx	sk_measure_cheap_dist_exceeds_limit	skia/src/core/SkContourMeasure.cpp:170	ported
checkOnCurve	luce-browser-render	gfx	sk_contains_check_on_curve	skia/src/core/SkPathPriv.cpp:920	ported
compute_pos_tan	luce-browser-render	gfx	sk_measure_compute_pos_tan	skia/src/core/SkContourMeasure.cpp:458	ported
conic_deriv_coeff	luce-browser-render	gfx	sk_conic_deriv_coeff	skia/src/core/SkGeometry.cpp:1251	ported
conic_eval_denominator	luce-browser-render	gfx	sk_contains_conic_eval_denominator	skia/src/core/SkPathPriv.cpp:995	ported
conic_eval_numerator	luce-browser-render	gfx	sk_contains_conic_eval_numerator	skia/src/core/SkPathPriv.cpp:984	ported
conic_find_extrema	luce-browser-render	gfx	sk_conic_find_extrema	skia/src/core/SkGeometry.cpp:1262	ported
conic_too_curvy	luce-browser-render	gfx	sk_measure_conic_too_curvy	skia/src/core/SkContourMeasure.cpp:161	ported
constrained	luce-browser-render	gfx	constrained	Libraries/LibWeb/PixelUnits.h:471	ported
contains_inclusive	luce-browser-render	gfx	sk_contains_inclusive	skia/src/core/SkPathPriv.cpp:1292	ported
cubic_too_curvy	luce-browser-render	gfx	sk_measure_cubic_too_curvy	skia/src/core/SkContourMeasure.cpp:177	ported
eval_cubic_derivative	luce-browser-render	gfx	sk_geometry_eval_cubic_derivative	skia/src/core/SkGeometry.cpp:394	ported
eval_cubic_pts	luce-browser-render	gfx	sk_contains_eval_cubic_pts	skia/src/core/SkPathPriv.cpp:899	ported
find_minmax<N>	luce-browser-render	gfx	sk_contains_find_minmax	skia/src/core/SkPathPriv.cpp:908	ported
floor	luce-browser-render	gfx	floor	Libraries/LibWeb/PixelUnits.h:434	ported
hb_blob_t	luce-browser-render	web_fonts	HbBlobT	Libraries/LibGfx/Font/Typeface.h:22	opaque
hb_buffer_t	luce-browser-render	web_fonts	HbBufferT	Libraries/LibGfx/Font/Font.h:22	opaque
hb_face_t	luce-browser-render	web_fonts	HbFaceT	Libraries/LibGfx/Font/Typeface.h:23	opaque
hb_font_t	luce-browser-render	web_fonts	HbFontT	Libraries/LibGfx/Font/Font.h:21	opaque
interp	luce-browser-render	gfx	sk_geometry_interp	skia/src/core/SkGeometry.cpp:169	ported
is_mono_quad	luce-browser-render	gfx	sk_contains_is_mono_quad	skia/src/core/SkPathPriv.cpp:1052	ported
is_not_monotonic	luce-browser-render	gfx	sk_geometry_is_not_monotonic	skia/src/core/SkGeometry.cpp:43	ported
muladdmul	luce-browser-render	gfx	sk_matrix_muladdmul	skia/src/core/SkMatrix.cpp:603	ported
only_scale_and_translate	luce-browser-render	gfx	sk_matrix_only_scale_and_translate	skia/src/core/SkMatrix.cpp:611	ported
poly_eval(A	luce-browser-render	gfx	sk_contains_poly_eval3	skia/src/core/SkPathPriv.cpp:884	ported
poly_eval(A	luce-browser-render	gfx	sk_contains_poly_eval4	skia/src/core/SkPathPriv.cpp:888	ported
quad_too_curvy	luce-browser-render	gfx	sk_measure_quad_too_curvy	skia/src/core/SkContourMeasure.cpp:148	ported
round	luce-browser-render	gfx	round	Libraries/LibWeb/PixelUnits.h:446	ported
rowcol3	luce-browser-render	gfx	sk_matrix_rowcol3	skia/src/core/SkMatrix.cpp:607	ported
set_point_length<false>	luce-browser-render	gfx	sk_point_set_length	skia/src/core/SkPoint.cpp:42	ported
sk_float_ceil2int	luce-browser-render	gfx	sk_float_ceil2int	skia/include/private/base/SkFloatingPoint.h:120	ported
sk_float_round	luce-browser-render	gfx	sk_float_round	skia/include/private/base/SkFloatingPoint.h:38	ported
sk_sp<SkColorSpace>	luce-browser-render	gfx	SkSpSkColorSpace	-	type
skcms_Matrix3x3	luce-browser-render	gfx	SkcmsMatrix3x3	-	struct
skcms_TransferFunction	luce-browser-render	gfx	SkcmsTransferFunction	-	struct
sqrt	luce-browser-render	gfx	sqrt	Libraries/LibWeb/PixelUnits.h:454	ported
square_distance_between	luce-browser-render	gfx	square_distance_between	Libraries/LibWeb/PixelUnits.h:464	ported
subdivide	luce-browser-render	gfx	sk_conic_subdivide	skia/src/core/SkGeometry.cpp:1533	ported
subdivide_w_value	luce-browser-render	gfx	sk_conic_subdivide_w_value	skia/src/core/SkGeometry.cpp:1397	ported
tValue2Scalar	luce-browser-render	gfx	sk_t_value_to_scalar	skia/src/core/SkContourMeasure.cpp:29	ported
tangent_conic	luce-browser-render	gfx	sk_contains_tangent_conic	skia/src/core/SkPathPriv.cpp:1217	ported
tangent_cubic	luce-browser-render	gfx	sk_contains_tangent_cubic	skia/src/core/SkPathPriv.cpp:1189	ported
tangent_line	luce-browser-render	gfx	sk_contains_tangent_line	skia/src/core/SkPathPriv.cpp:1270	ported
tangent_quad	luce-browser-render	gfx	sk_contains_tangent_quad	skia/src/core/SkPathPriv.cpp:1244	ported
tspan_big_enough	luce-browser-render	gfx	sk_measure_tspan_big_enough	skia/src/core/SkContourMeasure.cpp:137	ported
unchecked_mix	luce-browser-render	gfx	sk_geometry_mix	skia/src/core/SkGeometry.cpp:468	ported
valid_unit_divide	luce-browser-render	gfx	sk_valid_unit_divide	skia/src/core/SkGeometry.cpp:54	ported
winding_conic	luce-browser-render	gfx	sk_contains_winding_conic	skia/src/core/SkPathPriv.cpp:1064	ported
winding_cubic	luce-browser-render	gfx	sk_contains_winding_cubic	skia/src/core/SkPathPriv.cpp:974	ported
winding_line	luce-browser-render	gfx	sk_contains_winding_line	skia/src/core/SkPathPriv.cpp:1149	ported
winding_mono_conic	luce-browser-render	gfx	sk_contains_winding_mono_conic	skia/src/core/SkPathPriv.cpp:1002	ported
winding_mono_cubic	luce-browser-render	gfx	sk_contains_winding_mono_cubic	skia/src/core/SkPathPriv.cpp:928	ported
winding_mono_quad	luce-browser-render	gfx	sk_contains_winding_mono_quad	skia/src/core/SkPathPriv.cpp:1078	ported
winding_quad	luce-browser-render	gfx	sk_contains_winding_quad	skia/src/core/SkPathPriv.cpp:1133	ported
